GBL-0122-09065,INTERSTATE MANAGEMENT COMPANY LLC,AC MARRIOTT ATLANTA DOWNTOWN,Accommodation and Food Services,2025-01-23 13:04:25,721110,Hotels (except Casino Hotels) and Motels ,,101,ANDREW YOUNG INTERNATIONAL,BLVD,NW,,ATLANTA,GA,30303,101 ANDREW YOUNG INTERNATIONAL BLVD ATLANTA GA 30303,"101 Andrew Young International Blvd NW, Atlanta, Georgia, 30303",-84.39092423,33.7600547,FALSE,4,M
GBL-0122-09065,INTERSTATE MANAGEMENT COMPANY LLC,AC MARRIOTT ATLANTA DOWNTOWN,Accommodation and Food Services,2025-01-23 13:04:25,721110,Hotels (except Casino Hotels) and Motels ,,101,ANDREW YOUNG INTERNATIONAL,BLVD,NW,,ATLANTA,GA,30303,101 ANDREW YOUNG INTERNATIONAL BLVD ATLANTA GA 30303,"101 Andrew Young International Blvd NW, Atlanta, Georgia, 30303",-84.39092423,33.7600547,FALSE,4,M
GBL-0123-18100,AC HOTEL BY MARRIOT BUCKHEAD,,Accommodation and Food Services,2025-01-23 13:05:11,721110,Hotels (except Casino Hotels) and Motels ,,3600,WIEUCA,RD,NE,,ATLANTA,GA,30326,3600 WIEUCA RD ATLANTA GA 30326,"3600 Wieuca Rd NE, Atlanta, Georgia, 30342",-84.360324,33.85428849,FALSE,7,B
GBL-0123-18100,AC HOTEL BY MARRIOT BUCKHEAD,,Accommodation and Food Services,2025-01-23 13:05:11,721110,Hotels (except Casino Hotels) and Motels ,,3600,WIEUCA,RD,NE,,ATLANTA,GA,30326,3600 WIEUCA RD ATLANTA GA 30326,"3600 Wieuca Rd NE, Atlanta, Georgia, 30342",-84.360324,33.85428849,FALSE,7,B
GBL-0123-18100,AC HOTEL BY MARRIOT BUCKHEAD,,Accommodation and Food Services,2025-01-23 13:05:11,721110,Hotels (except Casino Hotels) and Motels ,,3600,WIEUCA,RD,NE,,ATLANTA,GA,30326,3600 WIEUCA RD ATLANTA GA 30326,"3600 Wieuca Rd NE, Atlanta, Georgia, 30342",-84.360324,33.85428849,FALSE,7,B
GBL-0123-18100,AC HOTEL BY MARRIOT BUCKHEAD,,Accommodation and Food Services,2025-01-23 13:05:11,721110,Hotels (except Casino Hotels) and Motels ,,3600,WIEUCA,RD,NE,,ATLANTA,GA,30326,3600 WIEUCA RD ATLANTA GA 30326,"3600 Wieuca Rd NE, Atlanta, Georgia, 30342",-84.360324,33.85428849,FALSE,7,B
GBL-0123-18569,JUHI ATL HOSPITALITY LLC,MOTEL 6,Accommodation and Food Services,2025-02-10 19:12:23,721110,Hotels (except Casino Hotels) and Motels ,,3701 JONESBORO,,RD,SE,,ATLANTA,GA,30354,3701 JONESBORO nan RD ATLANTA GA 30354,"3701 Jonesboro Rd SE, Atlanta, Georgia, 30354",-84.36845604,33.65301402,TRUE,12,Z
GBL-0222-09601,"ARC Hospitality, LLC",Home 2,Accommodation and Food Services,2025-02-12 15:12:01,721110,Hotels (except Casino Hotels) and Motels ,,3700,PRINCETON LAKES,PKWY,SW,,Atlanta,GA,,3700 PRINCETON LAKES PKWY Atlanta GA nan,"3700 Princeton Lakes Pkwy SW, Atlanta, Georgia, 30331",-84.50953411,33.65955752,FALSE,11,P
GBL-0421-02052,"MERRITT HOSPITALITY, LLC",Courtland Grand Hotel,Accommodation and Food Services,2025-02-16 18:39:39,721110,Hotels (except Casino Hotels) and Motels ,,165,COURTLAND,ST,NE,,ATLANTA,GA,30303,165 COURTLAND ST ATLANTA GA 30303,"165 Courtland St NE, Atlanta, Georgia, 30303",-84.38331732,33.75894757,FALSE,5,M
GBL-0421-02052,"MERRITT HOSPITALITY, LLC",Courtland Grand Hotel,Accommodation and Food Services,2025-02-16 18:39:39,721110,Hotels (except Casino Hotels) and Motels ,,165,COURTLAND,ST,NE,,ATLANTA,GA,30303,165 COURTLAND ST ATLANTA GA 30303,"165 Courtland St NE, Atlanta, Georgia, 30303",-84.38331732,33.75894757,FALSE,5,M
GBL-0421-02436,"Davidson Hotel Company, LLC",Atlanta Midtown Bellyard,Accommodation and Food Services,2025-01-28 13:16:56,721110,Hotels (except Casino Hotels) and Motels ,,1 Interlock Avenue,,,NW,,Atlanta,GA,30318,1 Interlock Avenue nan nan Atlanta GA 30318,"1 Interlock Ave NW, Atlanta, Georgia, 30318",-84.41037534,33.78577614,FALSE,3,E
GBL-0421-02436,"Davidson Hotel Company, LLC",Atlanta Midtown Bellyard,Accommodation and Food Services,2025-01-28 13:16:56,721110,Hotels (except Casino Hotels) and Motels ,,1 Interlock Avenue,,,NW,,Atlanta,GA,30318,1 Interlock Avenue nan nan Atlanta GA 30318,"1 Interlock Ave NW, Atlanta, Georgia, 30318",-84.41037534,33.78577614,FALSE,3,E
GBL-0421-02574,HYATT CORPORATION,GRAND HYATT ATLANTA CASSIS MAIN FACILITY,Accommodation and Food Services,2025-01-28 14:04:34,721110,Hotels (except Casino Hotels) and Motels ,,3300,PEACHTREE,RD,NE,,ATLANTA,GA,30305,3300 PEACHTREE RD ATLANTA GA 30305,"3300 Peachtree Rd NE, Atlanta, Georgia, 30305",-84.37032981,33.84514882,FALSE,7,B
GBL-0421-02574,HYATT CORPORATION,GRAND HYATT ATLANTA CASSIS MAIN FACILITY,Accommodation and Food Services,2025-01-28 14:04:34,721110,Hotels (except Casino Hotels) and Motels ,,3300,PEACHTREE,RD,NE,,ATLANTA,GA,30305,3300 PEACHTREE RD ATLANTA GA 30305,"3300 Peachtree Rd NE, Atlanta, Georgia, 30305",-84.37032981,33.84514882,FALSE,7,B
GBL-0421-02574,HYATT CORPORATION,GRAND HYATT ATLANTA CASSIS MAIN FACILITY,Accommodation and Food Services,2025-01-28 14:04:34,721110,Hotels (except Casino Hotels) and Motels ,,3300,PEACHTREE,RD,NE,,ATLANTA,GA,30305,3300 PEACHTREE RD ATLANTA GA 30305,"3300 Peachtree Rd NE, Atlanta, Georgia, 30305",-84.37032981,33.84514882,FALSE,7,B
GBL-0421-02574,HYATT CORPORATION,GRAND HYATT ATLANTA CASSIS MAIN FACILITY,Accommodation and Food Services,2025-01-28 14:04:34,721110,Hotels (except Casino Hotels) and Motels ,,3300,PEACHTREE,RD,NE,,ATLANTA,GA,30305,3300 PEACHTREE RD ATLANTA GA 30305,"3300 Peachtree Rd NE, Atlanta, Georgia, 30305",-84.37032981,33.84514882,FALSE,7,B
GBL-0421-02692,"Highgate Hotels, L.P.",Residence Inn by Marriott Atlanta Downtown,Accommodation and Food Services,2025-02-12 13:05:48,721110,Hotels (except Casino Hotels) and Motels ,NW,134 Peachtree Street,,,,,Atlanta,GA,30303,134 Peachtree Street nan nan Atlanta GA 30303,"134 Peachtree St, Atlanta, Georgia, 30303",-84.38819374,33.75720481,FALSE,2,M
GBL-0421-02692,"Highgate Hotels, L.P.",Residence Inn by Marriott Atlanta Downtown,Accommodation and Food Services,2025-02-12 13:05:48,721110,Hotels (except Casino Hotels) and Motels ,NW,134 Peachtree Street,,,,,Atlanta,GA,30303,134 Peachtree Street nan nan Atlanta GA 30303,"134 Peachtree St, Atlanta, Georgia, 30303",-84.38819374,33.75720481,FALSE,2,M
GBL-0422-12127,Mogar  Farms V,Inn at The Peachtree,Accommodation and Food Services,2025-02-11 11:35:30,721110,Hotels (except Casino Hotels) and Motels ,W,330,Peachtree ,ST,NW,,Atlanta,GA,30308,330 Peachtree  ST Atlanta GA 30308,"330 Peachtree St NE, Atlanta, Georgia, 30308",-84.38701717,33.76354869,FALSE,2,M
GBL-0521-03518,OMNI INTERNATIONAL HOTEL,,Accommodation and Food Services,2025-01-23 07:04:58,721110,Hotels (except Casino Hotels) and Motels ,,190,MARIETTA,ST,NW,100CNN CTR,ATLANTA,GA,30335,190 MARIETTA ST ATLANTA GA 30335,"190 Marietta St NW, Atlanta, Georgia, 30303",-84.39472752,33.7577537,FALSE,4,M
GBL-0521-03518,OMNI INTERNATIONAL HOTEL,,Accommodation and Food Services,2025-01-23 07:04:58,721110,Hotels (except Casino Hotels) and Motels ,,190,MARIETTA,ST,NW,100CNN CTR,ATLANTA,GA,30335,190 MARIETTA ST ATLANTA GA 30335,"190 Marietta St NW, Atlanta, Georgia, 30303",-84.39472752,33.7577537,FALSE,4,M
GBL-0524-30601,"Merritt Hospitality, LLC",Kimpton Sylvan Hotel,Accommodation and Food Services,2025-02-16 18:37:10,721110,Hotels (except Casino Hotels) and Motels ,E,374,PACES FERRY,RD,NE,,Atlanta,GA,30305,374 PACES FERRY RD Atlanta GA 30305,"374 E Paces Ferry Rd NE, Atlanta, Georgia, 30305",-84.37499367,33.83945068,FALSE,7,B
GBL-0524-31030,Method Hospitality LLC,Forth Atlanta,Accommodation and Food Services,2025-02-03 17:04:35,721110,Hotels (except Casino Hotels) and Motels ,,800 Rankin Street,,,,,Atlanta,GA,30308,800 Rankin Street nan nan Atlanta GA 30308,"800 Rankin St NE, Atlanta, Georgia, 30308",-84.36370559,33.76866614,FALSE,2,M
GBL-0524-31030,Method Hospitality LLC,Forth Atlanta,Accommodation and Food Services,2025-02-03 17:04:35,721110,Hotels (except Casino Hotels) and Motels ,,800 Rankin Street,,,,,Atlanta,GA,30308,800 Rankin Street nan nan Atlanta GA 30308,"800 Rankin St NE, Atlanta, Georgia, 30308",-84.36370559,33.76866614,FALSE,2,M
GBL-0524-31094,"RMA Overline, LLC",Forth Atlanta,Accommodation and Food Services,2025-02-28 23:05:37,721110,Hotels (except Casino Hotels) and Motels ,,800 Rankin Street,,,,,Atlanta,GA,30308,800 Rankin Street nan nan Atlanta GA 30308,"800 Rankin St NE, Atlanta, Georgia, 30308",-84.36370559,33.76866614,FALSE,2,M
GBL-0621-03668,WALDORF ASTORIA HOTEL,,Accommodation and Food Services,2025-01-16 11:11:02,721110,Hotels (except Casino Hotels) and Motels ,,3376,PEACHTREE,RD,NE,,ATLANTA,GA,30326,3376 PEACHTREE RD ATLANTA GA 30326,"3376 Peachtree Rd NE, Atlanta, Georgia, 30326",-84.3666126,33.84957204,FALSE,7,B
GBL-0621-03673,MOTEL 6,,Accommodation and Food Services,2025-01-14 13:11:12,721110,Hotels (except Casino Hotels) and Motels ,,311,COURTLAND,ST,NE,,ATLANTA,GA,30303,311 COURTLAND ST ATLANTA GA 30303,"311 Courtland St NE, Atlanta, Georgia, 30303",-84.3836769,33.76304544,FALSE,5,M
GBL-0621-03806,"COLUMBIA SUSSEX MANAGEMENT, LLC",RENAISSANCE ATLANTA CONCOURSE HOTEL,Accommodation and Food Services,2025-02-12 17:06:17,721110,Hotels (except Casino Hotels) and Motels ,,1,HARTSFIELD CENTER,PKWY,SW,,ATLANTA,GA,30354,1 HARTSFIELD CENTER PKWY ATLANTA GA 30354,"1 Hartsfield Center Pkwy, Atlanta, Georgia, 30354",-84.42685343,33.65445512,FALSE,12,X
GBL-0621-03828,HYATT CORPORATION,HYATT REGENCY ATLANTA,Accommodation and Food Services,2025-02-13 09:09:55,721110,Hotels (except Casino Hotels) and Motels ,,265,PEACHTREE,ST,NE,,ATLANTA,GA,30303,265 PEACHTREE ST ATLANTA GA 30303,"265 Peachtree St NE, Atlanta, Georgia, 30303",-84.38670344,33.76148993,FALSE,2,M
GBL-0621-03828,HYATT CORPORATION,HYATT REGENCY ATLANTA,Accommodation and Food Services,2025-02-13 09:09:55,721110,Hotels (except Casino Hotels) and Motels ,,265,PEACHTREE,ST,NE,,ATLANTA,GA,30303,265 PEACHTREE ST ATLANTA GA 30303,"265 Peachtree St NE, Atlanta, Georgia, 30303",-84.38670344,33.76148993,FALSE,2,M
GBL-0621-03828,HYATT CORPORATION,HYATT REGENCY ATLANTA,Accommodation and Food Services,2025-02-13 09:09:55,721110,Hotels (except Casino Hotels) and Motels ,,265,PEACHTREE,ST,NE,,ATLANTA,GA,30303,265 PEACHTREE ST ATLANTA GA 30303,"265 Peachtree St NE, Atlanta, Georgia, 30303",-84.38670344,33.76148993,FALSE,2,M
GBL-0621-03828,HYATT CORPORATION,HYATT REGENCY ATLANTA,Accommodation and Food Services,2025-02-13 09:09:55,721110,Hotels (except Casino Hotels) and Motels ,,265,PEACHTREE,ST,NE,,ATLANTA,GA,30303,265 PEACHTREE ST ATLANTA GA 30303,"265 Peachtree St NE, Atlanta, Georgia, 30303",-84.38670344,33.76148993,FALSE,2,M
GBL-0621-03828,HYATT CORPORATION,HYATT REGENCY ATLANTA,Accommodation and Food Services,2025-02-13 09:09:55,721110,Hotels (except Casino Hotels) and Motels ,,265,PEACHTREE,ST,NE,,ATLANTA,GA,30303,265 PEACHTREE ST ATLANTA GA 30303,"265 Peachtree St NE, Atlanta, Georgia, 30303",-84.38670344,33.76148993,FALSE,2,M
GBL-0621-03879,"FS ATLANTA EMPLOYMENT, INC.,",FOUR SEASONS HOTEL ATLANTA,Accommodation and Food Services,2025-02-21 23:07:06,721110,Hotels (except Casino Hotels) and Motels ,,75,14TH,ST,NE,,ATLANTA,GA,30309,75 14TH ST ATLANTA GA 30309,"75 14th St NE, Atlanta, Georgia, 30309",-84.38539,33.78633402,FALSE,2,E
GBL-0621-03879,"FS ATLANTA EMPLOYMENT, INC.,",FOUR SEASONS HOTEL ATLANTA,Accommodation and Food Services,2025-02-21 23:07:06,721110,Hotels (except Casino Hotels) and Motels ,,75,14TH,ST,NE,,ATLANTA,GA,30309,75 14TH ST ATLANTA GA 30309,"75 14th St NE, Atlanta, Georgia, 30309",-84.38539,33.78633402,FALSE,2,E
GBL-0621-03915,HYATT CORPORATION,HYATT CENTRIC MIDTOWN ATLANTA,Accommodation and Food Services,2025-02-06 08:50:22,721110,Hotels (except Casino Hotels) and Motels ,,125,10TH,ST,NE,,ATLANTA,GA,30309,125 10TH ST ATLANTA GA 30309,"125 10th St NE, Atlanta, Georgia, 30309",-84.38291985,33.78148747,FALSE,2,E
GBL-0621-03915,HYATT CORPORATION,HYATT CENTRIC MIDTOWN ATLANTA,Accommodation and Food Services,2025-02-06 08:50:22,721110,Hotels (except Casino Hotels) and Motels ,,125,10TH,ST,NE,,ATLANTA,GA,30309,125 10TH ST ATLANTA GA 30309,"125 10th St NE, Atlanta, Georgia, 30309",-84.38291985,33.78148747,FALSE,2,E
GBL-0621-03915,HYATT CORPORATION,HYATT CENTRIC MIDTOWN ATLANTA,Accommodation and Food Services,2025-02-06 08:50:22,721110,Hotels (except Casino Hotels) and Motels ,,125,10TH,ST,NE,,ATLANTA,GA,30309,125 10TH ST ATLANTA GA 30309,"125 10th St NE, Atlanta, Georgia, 30309",-84.38291985,33.78148747,FALSE,2,E
GBL-0621-03915,HYATT CORPORATION,HYATT CENTRIC MIDTOWN ATLANTA,Accommodation and Food Services,2025-02-06 08:50:22,721110,Hotels (except Casino Hotels) and Motels ,,125,10TH,ST,NE,,ATLANTA,GA,30309,125 10TH ST ATLANTA GA 30309,"125 10th St NE, Atlanta, Georgia, 30309",-84.38291985,33.78148747,FALSE,2,E
GBL-0621-03973,Sonesta International Hotels Corporation,Sonesta Select Atlanta Midtown,Accommodation and Food Services,2025-01-30 11:05:47,721110,Hotels (except Casino Hotels) and Motels ,,1132,TECHWOOD,DR,NW,,Atlanta,GA,,1132 TECHWOOD DR Atlanta GA nan,"1132 Techwood Dr NW, Atlanta, Georgia, 30318",-84.39267303,33.78551083,FALSE,3,E
GBL-0621-03973,Sonesta International Hotels Corporation,Sonesta Select Atlanta Midtown,Accommodation and Food Services,2025-01-30 11:05:47,721110,Hotels (except Casino Hotels) and Motels ,,1132,TECHWOOD,DR,NW,,Atlanta,GA,,1132 TECHWOOD DR Atlanta GA nan,"1132 Techwood Dr NW, Atlanta, Georgia, 30318",-84.39267303,33.78551083,FALSE,3,E
GBL-0621-04043,"IHG MANAGEMENT (MARYLAND),  LLC",INTERCONTINENTAL BUCKHEAD ATLANTA,Accommodation and Food Services,2025-01-29 13:19:59,721110,Hotels (except Casino Hotels) and Motels ,,3315,PEACHTREE,RD,NE,,ATLANTA,GA,30326,3315 PEACHTREE RD ATLANTA GA 30326,"3315 Peachtree Rd NE, Atlanta, Georgia, 30326",-84.36789529,33.84542329,FALSE,7,B
GBL-0621-04043,"IHG MANAGEMENT (MARYLAND),  LLC",INTERCONTINENTAL BUCKHEAD ATLANTA,Accommodation and Food Services,2025-01-29 13:19:59,721110,Hotels (except Casino Hotels) and Motels ,,3315,PEACHTREE,RD,NE,,ATLANTA,GA,30326,3315 PEACHTREE RD ATLANTA GA 30326,"3315 Peachtree Rd NE, Atlanta, Georgia, 30326",-84.36789529,33.84542329,FALSE,7,B
GBL-0621-04284,HILTON GARDEN INN BUCKHEAD,,Accommodation and Food Services,2025-01-28 09:05:38,721110,Hotels (except Casino Hotels) and Motels ,,3342,PEACHTREE,RD,NE,,ATLANTA,GA,30326,3342 PEACHTREE RD ATLANTA GA 30326,"3342 Peachtree Rd NE, Atlanta, Georgia, 30326",-84.36979538,33.84754416,FALSE,7,B
GBL-0621-04284,HILTON GARDEN INN BUCKHEAD,,Accommodation and Food Services,2025-01-28 09:05:38,721110,Hotels (except Casino Hotels) and Motels ,,3342,PEACHTREE,RD,NE,,ATLANTA,GA,30326,3342 PEACHTREE RD ATLANTA GA 30326,"3342 Peachtree Rd NE, Atlanta, Georgia, 30326",-84.36979538,33.84754416,FALSE,7,B
GBL-0621-04335,HILTON GARDEN INN ATL DOWNTOWN,,Accommodation and Food Services,2025-02-25 23:06:57,721110,Hotels (except Casino Hotels) and Motels ,,275,BAKER,ST,NW,,ATLANTA,GA,30313,275 BAKER ST ATLANTA GA 30313,"275 Baker St NW, Atlanta, Georgia, 30313",-84.39574701,33.762006,FALSE,4,M
GBL-0621-04341,THE GLENN HOTEL,,Accommodation and Food Services,2025-02-25 23:10:16,721110,Hotels (except Casino Hotels) and Motels ,,110,MARIETTA,ST,NW,,ATLANTA,GA,30303,110 MARIETTA ST ATLANTA GA 30303,"110 Marietta St NW, Atlanta, Georgia, 30303",-84.39303781,33.75699522,FALSE,2,M
GBL-0621-04342,EMBASSY STE ATL CTL OLYMPIC PK,,Accommodation and Food Services,2025-02-25 23:07:25,721110,Hotels (except Casino Hotels) and Motels ,,267,MARIETTA,ST,NW,,ATLANTA,GA,30313,267 MARIETTA ST ATLANTA GA 30313,"267 Marietta St NW, Atlanta, Georgia, 30313",-84.39460724,33.76070148,FALSE,4,M
GBL-0621-04347,LRP INDIGO 1 LLC,HOTEL INDIGO ATLANTA DOWNTOWN,Accommodation and Food Services,2025-02-25 23:05:10,721110,Hotels (except Casino Hotels) and Motels ,,230,PEACHTREE,ST,NE,,ATLANTA,GA,30303,230 PEACHTREE ST ATLANTA GA 30303,"230 Peachtree St NW, Atlanta, Georgia, 30303",-84.38833297,33.76013902,FALSE,2,M
GBL-0621-04358,INTERSTATE MANAGEMET COMPANY,RESIDENCE INN ATLANTA MIDTOWN/GEORGIA TECH,Accommodation and Food Services,2025-01-23 13:04:11,721110,Hotels (except Casino Hotels) and Motels ,,1041,W PEACHTREE,ST,NW,,ATLANTA,GA,30309,1041 W PEACHTREE ST ATLANTA GA 30309,"1041 W Peachtree St NE, Atlanta, Georgia, 30309",-84.3874755,33.78305648,FALSE,2,E
GBL-0621-04358,INTERSTATE MANAGEMET COMPANY,RESIDENCE INN ATLANTA MIDTOWN/GEORGIA TECH,Accommodation and Food Services,2025-01-23 13:04:11,721110,Hotels (except Casino Hotels) and Motels ,,1041,W PEACHTREE,ST,NW,,ATLANTA,GA,30309,1041 W PEACHTREE ST ATLANTA GA 30309,"1041 W Peachtree St NE, Atlanta, Georgia, 30309",-84.3874755,33.78305648,FALSE,2,E
GBL-0621-04362,"NOBLE-INTERSTATE MANAGEMENT GROUP, LLC",COURTYARD BY MARRIOTT-BUCKHEAD (MAIN FAC),Accommodation and Food Services,2025-01-23 07:04:32,721110,Hotels (except Casino Hotels) and Motels ,,3332,PEACHTREE,RD,NE,,ATLANTA,GA,30326,3332 PEACHTREE RD ATLANTA GA 30326,"3332 Peachtree Rd NE, Atlanta, Georgia, 30326",-84.37010459,33.84687797,FALSE,7,B
GBL-0621-04362,"NOBLE-INTERSTATE MANAGEMENT GROUP, LLC",COURTYARD BY MARRIOTT-BUCKHEAD (MAIN FAC),Accommodation and Food Services,2025-01-23 07:04:32,721110,Hotels (except Casino Hotels) and Motels ,,3332,PEACHTREE,RD,NE,,ATLANTA,GA,30326,3332 PEACHTREE RD ATLANTA GA 30326,"3332 Peachtree Rd NE, Atlanta, Georgia, 30326",-84.37010459,33.84687797,FALSE,7,B
GBL-0621-04362,"NOBLE-INTERSTATE MANAGEMENT GROUP, LLC",COURTYARD BY MARRIOTT-BUCKHEAD (MAIN FAC),Accommodation and Food Services,2025-01-23 07:04:32,721110,Hotels (except Casino Hotels) and Motels ,,3332,PEACHTREE,RD,NE,,ATLANTA,GA,30326,3332 PEACHTREE RD ATLANTA GA 30326,"3332 Peachtree Rd NE, Atlanta, Georgia, 30326",-84.37010459,33.84687797,FALSE,7,B
GBL-0621-04363,"NOBLE-INERSTATE MANAGEMENT GROUP, LLC",AC HOTEL BY MARRIOTT BUCKHEAD,Accommodation and Food Services,2025-01-23 13:05:17,721110,Hotels (except Casino Hotels) and Motels ,,3586,PEACHTREE,RD,NE,,ATLANTA,GA,30326,3586 PEACHTREE RD ATLANTA GA 30326,"3586 Peachtree Rd NE, Atlanta, Georgia, 30326",-84.3600691,33.85378994,FALSE,7,B
GBL-0621-04363,"NOBLE-INERSTATE MANAGEMENT GROUP, LLC",AC HOTEL BY MARRIOTT BUCKHEAD,Accommodation and Food Services,2025-01-23 13:05:17,721110,Hotels (except Casino Hotels) and Motels ,,3586,PEACHTREE,RD,NE,,ATLANTA,GA,30326,3586 PEACHTREE RD ATLANTA GA 30326,"3586 Peachtree Rd NE, Atlanta, Georgia, 30326",-84.3600691,33.85378994,FALSE,7,B
GBL-0621-04364,"INTERSTATE MANAGEMENT COMPANY, LLC",HYATT HOUSE  ATLANTA DOWNTOWN,Accommodation and Food Services,2025-01-28 11:04:28,721110,Hotels (except Casino Hotels) and Motels ,,431,MARIETTA,ST,NW,,ATLANTA,GA,30313,431 MARIETTA ST ATLANTA GA 30313,"431 Marietta St NW, Atlanta, Georgia, 30313",-84.39700404,33.76473951,FALSE,4,M
GBL-0621-04364,"INTERSTATE MANAGEMENT COMPANY, LLC",HYATT HOUSE  ATLANTA DOWNTOWN,Accommodation and Food Services,2025-01-28 11:04:28,721110,Hotels (except Casino Hotels) and Motels ,,431,MARIETTA,ST,NW,,ATLANTA,GA,30313,431 MARIETTA ST ATLANTA GA 30313,"431 Marietta St NW, Atlanta, Georgia, 30313",-84.39700404,33.76473951,FALSE,4,M
GBL-0622-14703,NORTH STAR LLC,The Darwin,Accommodation and Food Services,2025-02-11 15:13:15,721110,Hotels (except Casino Hotels) and Motels ,NE,585 Parkway Drive NE,,DR,,,Atlanta,GA,30308,585 Parkway Drive NE nan DR Atlanta GA 30308,"585 Parkway Dr NE, Atlanta, Georgia, 30308",-84.37216151,33.7702066,FALSE,2,M
GBL-0622-14703,NORTH STAR LLC,The Darwin,Accommodation and Food Services,2025-02-11 15:13:15,721110,Hotels (except Casino Hotels) and Motels ,NE,585 Parkway Drive NE,,DR,,,Atlanta,GA,30308,585 Parkway Drive NE nan DR Atlanta GA 30308,"585 Parkway Dr NE, Atlanta, Georgia, 30308",-84.37216151,33.7702066,FALSE,2,M
GBL-0624-31342,"SHG WDC, LLC",Hotel Colee,Accommodation and Food Services,2025-02-14 17:14:17,721110,Hotels (except Casino Hotels) and Motels ,,3377 Peachtree Road NE,,,,,Atlanta,GA,30326,3377 Peachtree Road NE nan nan Atlanta GA 30326,"3377 Peachtree Rd NE, Atlanta, Georgia, 30326",-84.36632267,33.84774654,FALSE,7,B
GBL-0624-31342,"SHG WDC, LLC",Hotel Colee,Accommodation and Food Services,2025-02-14 17:14:17,721110,Hotels (except Casino Hotels) and Motels ,,3377 Peachtree Road NE,,,,,Atlanta,GA,30326,3377 Peachtree Road NE nan nan Atlanta GA 30326,"3377 Peachtree Rd NE, Atlanta, Georgia, 30326",-84.36632267,33.84774654,FALSE,7,B
GBL-0721-05067,"SPRINGHILL SMC, LLC",SPRINGHILL SUITES-ATLANTA BUCKHEAD,Accommodation and Food Services,2025-02-10 11:04:10,721110,Hotels (except Casino Hotels) and Motels ,,3459,BUCKHEAD LOOP,ST,NE,,ATLANTA,GA,30326,3459 BUCKHEAD LOOP ST ATLANTA GA 30326,"3459 Buckhead Loop NE, Atlanta, Georgia, 30326",-84.37306374,33.84910244,FALSE,7,B
GBL-0721-05067,"SPRINGHILL SMC, LLC",SPRINGHILL SUITES-ATLANTA BUCKHEAD,Accommodation and Food Services,2025-02-10 11:04:10,721110,Hotels (except Casino Hotels) and Motels ,,3459,BUCKHEAD LOOP,ST,NE,,ATLANTA,GA,30326,3459 BUCKHEAD LOOP ST ATLANTA GA 30326,"3459 Buckhead Loop NE, Atlanta, Georgia, 30326",-84.37306374,33.84910244,FALSE,7,B
GBL-0721-05256,"14th Street NE Catering, LLC",AC Marriott/Moxy Atlanta Midtown,Accommodation and Food Services,2025-02-17 13:04:19,721110,Hotels (except Casino Hotels) and Motels ,,53 14th,,ST,NE,,Atlanta,GA,30309,53 14th nan ST Atlanta GA 30309,"53 14th St NE, Atlanta, Georgia, 30309",-84.38583155,33.78629697,FALSE,2,E
GBL-0721-05256,"14th Street NE Catering, LLC",AC Marriott/Moxy Atlanta Midtown,Accommodation and Food Services,2025-02-17 13:04:19,721110,Hotels (except Casino Hotels) and Motels ,,53 14th,,ST,NE,,Atlanta,GA,30309,53 14th nan ST Atlanta GA 30309,"53 14th St NE, Atlanta, Georgia, 30309",-84.38583155,33.78629697,FALSE,2,E
GBL-0721-05259,"14th Street NE Management, LLC",AC Marriott/Moxy Atlanta Midtown,Accommodation and Food Services,2025-02-17 13:05:40,721110,Hotels (except Casino Hotels) and Motels ,,53 14th,,ST,NE,,Atlanta,GA,30309,53 14th nan ST Atlanta GA 30309,"53 14th St NE, Atlanta, Georgia, 30309",-84.38583155,33.78629697,FALSE,2,E
GBL-0721-05261,"Odyssey PropCo IX, LLC",AC Marriott/Moxy Atlanta Midtown,Accommodation and Food Services,2025-03-04 23:04:45,721110,Hotels (except Casino Hotels) and Motels ,,53 14th,,ST,NE,,Atlanta,GA,30309,53 14th nan ST Atlanta GA 30309,"53 14th St NE, Atlanta, Georgia, 30309",-84.38583155,33.78629697,FALSE,2,E
GBL-0721-05261,"Odyssey PropCo IX, LLC",AC Marriott/Moxy Atlanta Midtown,Accommodation and Food Services,2025-03-04 23:04:45,721110,Hotels (except Casino Hotels) and Motels ,,53 14th,,ST,NE,,Atlanta,GA,30309,53 14th nan ST Atlanta GA 30309,"53 14th St NE, Atlanta, Georgia, 30309",-84.38583155,33.78629697,FALSE,2,E
GBL-0821-05729,"MYSICA PROGRESSSIVE COMPANY, LLC",THE BURGESS HOTEL,Accommodation and Food Services,2025-01-14 09:36:22,721110,Hotels (except Casino Hotels) and Motels ,,3600,PIEDMONT,RD,NE,,ATLANTA,GA,30305,3600 PIEDMONT RD ATLANTA GA 30305,"3600 Piedmont Rd NE, Atlanta, Georgia, 30305",-84.38147732,33.85262573,FALSE,7,B
GBL-0821-05827,SHERATON OPERATING LLC,ST. REGIS HOTEL,Accommodation and Food Services,2025-01-15 17:05:32,721110,Hotels (except Casino Hotels) and Motels ,,88,W PACES FERRY,RD,NW,,ATLANTA,GA,30305,88 W PACES FERRY RD ATLANTA GA 30305,"88 W Paces Ferry Rd NW, Atlanta, Georgia, 30305",-84.38262799,33.83985209,FALSE,8,B
GBL-0821-05827,SHERATON OPERATING LLC,ST. REGIS HOTEL,Accommodation and Food Services,2025-01-15 17:05:32,721110,Hotels (except Casino Hotels) and Motels ,,88,W PACES FERRY,RD,NW,,ATLANTA,GA,30305,88 W PACES FERRY RD ATLANTA GA 30305,"88 W Paces Ferry Rd NW, Atlanta, Georgia, 30305",-84.38262799,33.83985209,FALSE,8,B
GBL-0821-05827,SHERATON OPERATING LLC,ST. REGIS HOTEL,Accommodation and Food Services,2025-01-15 17:05:32,721110,Hotels (except Casino Hotels) and Motels ,,88,W PACES FERRY,RD,NW,,ATLANTA,GA,30305,88 W PACES FERRY RD ATLANTA GA 30305,"88 W Paces Ferry Rd NW, Atlanta, Georgia, 30305",-84.38262799,33.83985209,FALSE,8,B
GBL-0821-06134,LOEWS ATLANTA OPERATING COMPANY LLC,LOWES ATLANTA HOTEL,Accommodation and Food Services,2025-02-13 17:05:52,721110,Hotels (except Casino Hotels) and Motels ,,1065,PEACHTREE,ST,NE,,ATLANTA,GA,30309,1065 PEACHTREE ST ATLANTA GA 30309,"1065 Peachtree St NE, Atlanta, Georgia, 30309",-84.38282966,33.78364451,FALSE,2,E
GBL-0821-06135,"LOEWS ATLANTA OPERATING COMPANY, LLC",LOEWS ATLANTA HOTEL,Accommodation and Food Services,2025-02-14 15:09:59,721110,Hotels (except Casino Hotels) and Motels ,,1065,PEACHTREE,ST,NE,,ATLANTA,GA,30309,1065 PEACHTREE ST ATLANTA GA 30309,"1065 Peachtree St NE, Atlanta, Georgia, 30309",-84.38282966,33.78364451,FALSE,2,E
GBL-0821-06135,"LOEWS ATLANTA OPERATING COMPANY, LLC",LOEWS ATLANTA HOTEL,Accommodation and Food Services,2025-02-14 15:09:59,721110,Hotels (except Casino Hotels) and Motels ,,1065,PEACHTREE,ST,NE,,ATLANTA,GA,30309,1065 PEACHTREE ST ATLANTA GA 30309,"1065 Peachtree St NE, Atlanta, Georgia, 30309",-84.38282966,33.78364451,FALSE,2,E
GBL-0821-06179,"Schulte Catering Midtown, LLC",The Starling Atlanta Midtown,Accommodation and Food Services,2025-02-27 23:07:03,721110,Hotels (except Casino Hotels) and Motels ,,188 14th,,ST,NE,,Atlanta,GA,30361,188 14th nan ST Atlanta GA 30361,"188 14th St NE, Atlanta, Georgia, 30361",-84.38138512,33.78694765,FALSE,6,E
GBL-0821-06179,"Schulte Catering Midtown, LLC",The Starling Atlanta Midtown,Accommodation and Food Services,2025-02-27 23:07:03,721110,Hotels (except Casino Hotels) and Motels ,,188 14th,,ST,NE,,Atlanta,GA,30361,188 14th nan ST Atlanta GA 30361,"188 14th St NE, Atlanta, Georgia, 30361",-84.38138512,33.78694765,FALSE,6,E
GBL-0821-06180,"Schulte Hospitality Group, Inc.",The Starling Atlanta Midtown,Accommodation and Food Services,2025-02-12 17:04:06,721110,Hotels (except Casino Hotels) and Motels ,,188 14th,,ST,NE,,Atlanta,GA,30361,188 14th nan ST Atlanta GA 30361,"188 14th St NE, Atlanta, Georgia, 30361",-84.38138512,33.78694765,FALSE,6,E
GBL-0821-06180,"Schulte Hospitality Group, Inc.",The Starling Atlanta Midtown,Accommodation and Food Services,2025-02-12 17:04:06,721110,Hotels (except Casino Hotels) and Motels ,,188 14th,,ST,NE,,Atlanta,GA,30361,188 14th nan ST Atlanta GA 30361,"188 14th St NE, Atlanta, Georgia, 30361",-84.38138512,33.78694765,FALSE,6,E
GBL-0821-06181,"Hotel ATL Midtown, LLC",The Starling Atlanta Midtown,Accommodation and Food Services,2025-02-27 23:07:40,721110,Hotels (except Casino Hotels) and Motels ,,188 14th,,ST,NE,,Atlanta,GA,30361,188 14th nan ST Atlanta GA 30361,"188 14th St NE, Atlanta, Georgia, 30361",-84.38138512,33.78694765,FALSE,6,E
GBL-0821-06181,"Hotel ATL Midtown, LLC",The Starling Atlanta Midtown,Accommodation and Food Services,2025-02-27 23:07:40,721110,Hotels (except Casino Hotels) and Motels ,,188 14th,,ST,NE,,Atlanta,GA,30361,188 14th nan ST Atlanta GA 30361,"188 14th St NE, Atlanta, Georgia, 30361",-84.38138512,33.78694765,FALSE,6,E
GBL-0822-15806,"Kimpton Hotel & Restaurant Group, LLC",Kimpton Midtown Atlanta,Accommodation and Food Services,2025-01-16 17:12:49,721110,Hotels (except Casino Hotels) and Motels ,,1340 West Peachtree Street,,,,,Atlanta,GA,30309,1340 West Peachtree Street nan nan Atlanta GA 30309,"1340 W Peachtree St NW, Atlanta, Georgia, 30309",-84.38828561,33.79085987,FALSE,2,E
GBL-0822-15806,"Kimpton Hotel & Restaurant Group, LLC",Kimpton Midtown Atlanta,Accommodation and Food Services,2025-01-16 17:12:49,721110,Hotels (except Casino Hotels) and Motels ,,1340 West Peachtree Street,,,,,Atlanta,GA,30309,1340 West Peachtree Street nan nan Atlanta GA 30309,"1340 W Peachtree St NW, Atlanta, Georgia, 30309",-84.38828561,33.79085987,FALSE,2,E
GBL-0822-15806,"Kimpton Hotel & Restaurant Group, LLC",Kimpton Midtown Atlanta,Accommodation and Food Services,2025-01-16 17:12:49,721110,Hotels (except Casino Hotels) and Motels ,,1340 West Peachtree Street,,,,,Atlanta,GA,30309,1340 West Peachtree Street nan nan Atlanta GA 30309,"1340 W Peachtree St NW, Atlanta, Georgia, 30309",-84.38828561,33.79085987,FALSE,2,E
GBL-0822-15806,"Kimpton Hotel & Restaurant Group, LLC",Kimpton Midtown Atlanta,Accommodation and Food Services,2025-01-16 17:12:49,721110,Hotels (except Casino Hotels) and Motels ,,1340 West Peachtree Street,,,,,Atlanta,GA,30309,1340 West Peachtree Street nan nan Atlanta GA 30309,"1340 W Peachtree St NW, Atlanta, Georgia, 30309",-84.38828561,33.79085987,FALSE,2,E
GBL-0823-22939,"Driftwood Special Servicing, LLC",Wylie Hotel,Accommodation and Food Services,2025-02-12 15:06:26,721110,Hotels (except Casino Hotels) and Motels ,,551 Ponce de Leon Avenue NE,,,,,Atlanta,GA,30308,551 Ponce de Leon Avenue NE nan nan Atlanta GA 30308,"551 Ponce de Leon Ave NE, Atlanta, Georgia, 30308",-84.36889659,33.7731805,FALSE,2,M
GBL-0823-22939,"Driftwood Special Servicing, LLC",Wylie Hotel,Accommodation and Food Services,2025-02-12 15:06:26,721110,Hotels (except Casino Hotels) and Motels ,,551 Ponce de Leon Avenue NE,,,,,Atlanta,GA,30308,551 Ponce de Leon Avenue NE nan nan Atlanta GA 30308,"551 Ponce de Leon Ave NE, Atlanta, Georgia, 30308",-84.36889659,33.7731805,FALSE,2,M
GBL-0921-06336,"Mainsail Property Management, LLC",Epicurean Hotel,Accommodation and Food Services,2025-02-06 12:05:04,721110,Hotels (except Casino Hotels) and Motels ,,1117 West Peachtree,,ST,,,Atlanta,GA,30309,1117 West Peachtree nan ST Atlanta GA 30309,"1117 W Peachtree St, Atlanta, Georgia, 30309",-84.38774504,33.78532613,FALSE,2,E
GBL-0921-06336,"Mainsail Property Management, LLC",Epicurean Hotel,Accommodation and Food Services,2025-02-06 12:05:04,721110,Hotels (except Casino Hotels) and Motels ,,1117 West Peachtree,,ST,,,Atlanta,GA,30309,1117 West Peachtree nan ST Atlanta GA 30309,"1117 W Peachtree St, Atlanta, Georgia, 30309",-84.38774504,33.78532613,FALSE,2,E
GBL-0921-06336,"Mainsail Property Management, LLC",Epicurean Hotel,Accommodation and Food Services,2025-02-06 12:05:04,721110,Hotels (except Casino Hotels) and Motels ,,1117 West Peachtree,,ST,,,Atlanta,GA,30309,1117 West Peachtree nan ST Atlanta GA 30309,"1117 W Peachtree St, Atlanta, Georgia, 30309",-84.38774504,33.78532613,FALSE,2,E
GBL-0921-06336,"Mainsail Property Management, LLC",Epicurean Hotel,Accommodation and Food Services,2025-02-06 12:05:04,721110,Hotels (except Casino Hotels) and Motels ,,1117 West Peachtree,,ST,,,Atlanta,GA,30309,1117 West Peachtree nan ST Atlanta GA 30309,"1117 W Peachtree St, Atlanta, Georgia, 30309",-84.38774504,33.78532613,FALSE,2,E
GBL-0921-06401,BUCKHEAD GA LODGING LLC,LA QUINTA INN & SUITES,Accommodation and Food Services,2025-01-06 15:34:50,721110,Hotels (except Casino Hotels) and Motels ,,2535 CHANTILLY DR NE,LA QUINTA INN & SUITES,,,,ATLANTA,GA,30324,2535 CHANTILLY DR NE LA QUINTA INN & SUITES nan ATLANTA GA 30324,"2535 Chantilly Dr NE, Atlanta, Georgia, 30324",-84.34977059,33.82363684,FALSE,6,F
GBL-0921-06490,RLJ HA Atlanta Midtown Lessee LLC,Hampton Inn & Suites Atlanta Midtown,Accommodation and Food Services,2025-01-23 15:05:26,721110,Hotels (except Casino Hotels) and Motels ,,1231,PEACHTREE,ST,NE,,Atlanta,GA,,1231 PEACHTREE ST Atlanta GA nan,"1231 Peachtree St, Atlanta, Georgia, 30309",-84.38369926,33.78826416,FALSE,6,E
GBL-0921-06623,Courtyard & Element Atlanta Midtown,,Accommodation and Food Services,2025-01-07 13:22:50,721110,Hotels (except Casino Hotels) and Motels ,,640 Peachtree Street,,,,,Atlanta,GA,30308,640 Peachtree Street nan nan Atlanta GA 30308,"640 Peachtree St NE, Atlanta, Georgia, 30308",-84.38533811,33.77199237,FALSE,2,E
GBL-0921-06689,"MARRIOTT INTERNATIONAL, INC",ATLANTA MARRIOTT MARQUIS,Accommodation and Food Services,2025-02-18 23:06:55,721110,Hotels (except Casino Hotels) and Motels ,,265,PEACHTREE CENTER,AVE,NE,,ATLANTA,GA,30303,265 PEACHTREE CENTER AVE ATLANTA GA 30303,"265 Peachtree Center Ave NE, Atlanta, Georgia, 30303",-84.38488633,33.7615885,FALSE,5,M
GBL-0921-06689,"MARRIOTT INTERNATIONAL, INC",ATLANTA MARRIOTT MARQUIS,Accommodation and Food Services,2025-02-18 23:06:55,721110,Hotels (except Casino Hotels) and Motels ,,265,PEACHTREE CENTER,AVE,NE,,ATLANTA,GA,30303,265 PEACHTREE CENTER AVE ATLANTA GA 30303,"265 Peachtree Center Ave NE, Atlanta, Georgia, 30303",-84.38488633,33.7615885,FALSE,5,M
GBL-0921-06692,"CRESTLINE HOTELS & RESORTS, INC.",GEORGIA TECH HOTEL & CONFERENCE CENTER,Accommodation and Food Services,2025-01-22 09:34:24,721110,Hotels (except Casino Hotels) and Motels ,,800,SPRING,ST,NW,,ATLANTA,GA,30308,800 SPRING ST ATLANTA GA 30308,"800 Spring St NW, Atlanta, Georgia, 30308",-84.38903168,33.77604816,FALSE,2,E
GBL-0921-06774,ML PEACHTREE GROUP,HYATT PLACE,Accommodation and Food Services,2025-01-27 16:05:45,721110,Hotels (except Casino Hotels) and Motels ,,330,PEACHTREE,ST,NE,,ATLANTA,GA,30308,330 PEACHTREE ST ATLANTA GA 30308,"330 Peachtree St NE, Atlanta, Georgia, 30308",-84.38701717,33.76354869,FALSE,2,M
GBL-0921-06800,EMORY CONFERENCE CENTER &HOTEL,,Accommodation and Food Services,2025-01-29 11:20:18,721110,Hotels (except Casino Hotels) and Motels ,,1615,CLIFTON,RD,NE,,ATLANTA,GA,30329,1615 CLIFTON RD ATLANTA GA 30329,"1615 Clifton Rd NE, Atlanta, Georgia, 30329",-84.32428919,33.8014613,FALSE,6,F
GBL-0921-06810,"551 Ponce Hotel Owner, LLC",Wylie Hotel,Accommodation and Food Services,2025-02-12 15:49:56,721110,Hotels (except Casino Hotels) and Motels ,,"551 Ponce De Leon Ave NE, Atlanta, GA 30308",,,,,,,,"551 Ponce De Leon Ave NE, Atlanta, GA 30308 nan nan nan nan nan","551 Ponce de Leon Ave NE, Atlanta, Georgia, 30308",-84.36889659,33.7731805,FALSE,2,M
GBL-0921-06810,"551 Ponce Hotel Owner, LLC",Wylie Hotel,Accommodation and Food Services,2025-02-12 15:49:56,721110,Hotels (except Casino Hotels) and Motels ,,"551 Ponce De Leon Ave NE, Atlanta, GA 30308",,,,,,,,"551 Ponce De Leon Ave NE, Atlanta, GA 30308 nan nan nan nan nan","551 Ponce de Leon Ave NE, Atlanta, Georgia, 30308",-84.36889659,33.7731805,FALSE,2,M
GBL-0921-06810,"551 Ponce Hotel Owner, LLC",Wylie Hotel,Accommodation and Food Services,2025-02-12 15:49:56,721110,Hotels (except Casino Hotels) and Motels ,,"551 Ponce De Leon Ave NE, Atlanta, GA 30308",,,,,,,,"551 Ponce De Leon Ave NE, Atlanta, GA 30308 nan nan nan nan nan","551 Ponce de Leon Ave NE, Atlanta, Georgia, 30308",-84.36889659,33.7731805,FALSE,2,M
GBL-0921-06810,"551 Ponce Hotel Owner, LLC",Wylie Hotel,Accommodation and Food Services,2025-02-12 15:49:56,721110,Hotels (except Casino Hotels) and Motels ,,"551 Ponce De Leon Ave NE, Atlanta, GA 30308",,,,,,,,"551 Ponce De Leon Ave NE, Atlanta, GA 30308 nan nan nan nan nan","551 Ponce de Leon Ave NE, Atlanta, Georgia, 30308",-84.36889659,33.7731805,FALSE,2,M
GBL-0921-06835,"THE WESTERN HOST, INC.",THE WESTIN PEACHTREE PLAZA,Accommodation and Food Services,2025-01-09 09:04:41,721110,Hotels (except Casino Hotels) and Motels ,,210,PEACHTREE,ST,NW,,ATLANTA,GA,30303,210 PEACHTREE ST ATLANTA GA 30303,"210 Peachtree St, Atlanta, Georgia, 30303",-84.38842651,33.75943309,FALSE,2,M
GBL-0924-33215,CG HIE Management LLC,Holiday Inn Express & Suites Atlanta Downtown,Accommodation and Food Services,2025-02-12 13:09:32,721110,Hotels (except Casino Hotels) and Motels ,,111,CONE,Street,NW,,Atlanta,GA,,111 CONE Street Atlanta GA nan,"111 Cone St NW, Atlanta, Georgia, 30303",-84.38968119,33.75798734,FALSE,2,M
GBL-1021-06889,MARRIOTT HOTEL SERVICES LLC,MARRIOTT SUITES-ATLANTA MIDTOWN,Accommodation and Food Services,2025-01-23 13:04:18,721110,Hotels (except Casino Hotels) and Motels ,,35,14TH,ST,NE,,ATLANTA,GA,30309,35 14TH ST ATLANTA GA 30309,"35 14th St NE, Atlanta, Georgia, 30309",-84.38638903,33.78621801,FALSE,2,E
GBL-1021-06889,MARRIOTT HOTEL SERVICES LLC,MARRIOTT SUITES-ATLANTA MIDTOWN,Accommodation and Food Services,2025-01-23 13:04:18,721110,Hotels (except Casino Hotels) and Motels ,,35,14TH,ST,NE,,ATLANTA,GA,30309,35 14TH ST ATLANTA GA 30309,"35 14th St NE, Atlanta, Georgia, 30309",-84.38638903,33.78621801,FALSE,2,E
GBL-1021-06889,MARRIOTT HOTEL SERVICES LLC,MARRIOTT SUITES-ATLANTA MIDTOWN,Accommodation and Food Services,2025-01-23 13:04:18,721110,Hotels (except Casino Hotels) and Motels ,,35,14TH,ST,NE,,ATLANTA,GA,30309,35 14TH ST ATLANTA GA 30309,"35 14th St NE, Atlanta, Georgia, 30309",-84.38638903,33.78621801,FALSE,2,E
GBL-1021-06889,MARRIOTT HOTEL SERVICES LLC,MARRIOTT SUITES-ATLANTA MIDTOWN,Accommodation and Food Services,2025-01-23 13:04:18,721110,Hotels (except Casino Hotels) and Motels ,,35,14TH,ST,NE,,ATLANTA,GA,30309,35 14TH ST ATLANTA GA 30309,"35 14th St NE, Atlanta, Georgia, 30309",-84.38638903,33.78621801,FALSE,2,E
GBL-1021-07079,"Resident Inn by Marriott, LLC",Resident Inn Hotel,Accommodation and Food Services,2025-02-07 16:06:54,721110,Hotels (except Casino Hotels) and Motels ,,2960 Piedmont,,RD,NE,,Atlanta,GA,30305,2960 Piedmont nan RD Atlanta GA 30305,"2960 Piedmont Rd NE, Atlanta, Georgia, 30305",-84.36918652,33.8351599,FALSE,7,B
GBL-1021-07274,MH Atlanta ES Operator LLC,Embassy Suites Atlantic Station,Accommodation and Food Services,2025-02-04 12:06:46,721110,Hotels (except Casino Hotels) and Motels ,,290 17th,,ST,NW,,Atlanta,GA,30363,290 17th nan ST Atlanta GA 30363,"290 17th St NW, Atlanta, Georgia, 30363",-84.39832284,33.79109989,FALSE,3,E
GBL-1021-07274,MH Atlanta ES Operator LLC,Embassy Suites Atlantic Station,Accommodation and Food Services,2025-02-04 12:06:46,721110,Hotels (except Casino Hotels) and Motels ,,290 17th,,ST,NW,,Atlanta,GA,30363,290 17th nan ST Atlanta GA 30363,"290 17th St NW, Atlanta, Georgia, 30363",-84.39832284,33.79109989,FALSE,3,E
GBL-1021-07277,ATL Midtown Hotel Owner LLC,Embassy Suites Atlantic Station,Accommodation and Food Services,2025-02-08 16:04:39,721110,Hotels (except Casino Hotels) and Motels ,,290 17th,,ST,NW,,Atlanta,GA,30363,290 17th nan ST Atlanta GA 30363,"290 17th St NW, Atlanta, Georgia, 30363",-84.39832284,33.79109989,FALSE,3,E
GBL-1021-07277,ATL Midtown Hotel Owner LLC,Embassy Suites Atlantic Station,Accommodation and Food Services,2025-02-08 16:04:39,721110,Hotels (except Casino Hotels) and Motels ,,290 17th,,ST,NW,,Atlanta,GA,30363,290 17th nan ST Atlanta GA 30363,"290 17th St NW, Atlanta, Georgia, 30363",-84.39832284,33.79109989,FALSE,3,E
GBL-1021-07302,REMINGTON LODGING & HOSPITALITY,HOTEL INDIGO ATLANTA MIDTOWN,Accommodation and Food Services,2025-02-11 13:09:41,721110,Hotels (except Casino Hotels) and Motels ,,683,PEACHTREE,ST,NE,,ATLANTA,GA,30308,683 PEACHTREE ST ATLANTA GA 30308,"683 Peachtree St NE, Atlanta, Georgia, 30308",-84.38454468,33.77318939,FALSE,2,E
GBL-1021-07302,REMINGTON LODGING & HOSPITALITY,HOTEL INDIGO ATLANTA MIDTOWN,Accommodation and Food Services,2025-02-11 13:09:41,721110,Hotels (except Casino Hotels) and Motels ,,683,PEACHTREE,ST,NE,,ATLANTA,GA,30308,683 PEACHTREE ST ATLANTA GA 30308,"683 Peachtree St NE, Atlanta, Georgia, 30308",-84.38454468,33.77318939,FALSE,2,E
GBL-1021-07302,REMINGTON LODGING & HOSPITALITY,HOTEL INDIGO ATLANTA MIDTOWN,Accommodation and Food Services,2025-02-11 13:09:41,721110,Hotels (except Casino Hotels) and Motels ,,683,PEACHTREE,ST,NE,,ATLANTA,GA,30308,683 PEACHTREE ST ATLANTA GA 30308,"683 Peachtree St NE, Atlanta, Georgia, 30308",-84.38454468,33.77318939,FALSE,2,E
GBL-1021-07305,HOTEL CLERMONT,,Accommodation and Food Services,2025-02-09 16:04:02,721110,Hotels (except Casino Hotels) and Motels ,,789,PONCE DE LEON,AVE,NE,,ATLANTA,GA,30306,789 PONCE DE LEON AVE ATLANTA GA 30306,"789 Ponce de Leon Ave NE, Atlanta, Georgia, 30306",-84.36133058,33.7734126,FALSE,2,N
GBL-1021-07307,HOLIDAY INN EXPRESS,,Accommodation and Food Services,2025-01-31 09:34:41,721110,Hotels (except Casino Hotels) and Motels ,,3833,PRINCETON LAKES,CT,SW,,ATLANTA,GA,30331,3833 PRINCETON LAKES CT ATLANTA GA 30331,"3833 Princeton Lakes Ct SW, Atlanta, Georgia, 30331",-84.51302526,33.65734851,FALSE,11,P
GBL-1021-07308,SONDER USA INC,,Accommodation and Food Services,2025-02-14 15:07:06,721110,Hotels (except Casino Hotels) and Motels ,,1,BALTIMORE,PL,NW,,ATLANTA,GA,30308,1 BALTIMORE PL ATLANTA GA 30308,"1 Baltimore Pl NW, Atlanta, Georgia, 30308",-84.38845115,33.76852981,FALSE,2,M
GBL-1021-07308,SONDER USA INC,,Accommodation and Food Services,2025-02-14 15:07:06,721110,Hotels (except Casino Hotels) and Motels ,,1,BALTIMORE,PL,NW,,ATLANTA,GA,30308,1 BALTIMORE PL ATLANTA GA 30308,"1 Baltimore Pl NW, Atlanta, Georgia, 30308",-84.38845115,33.76852981,FALSE,2,M
GBL-1021-07312,THE GEORGIAN TERRACE HOTEL,,Accommodation and Food Services,2025-02-25 23:12:57,721110,Hotels (except Casino Hotels) and Motels ,,659,PEACHTREE,ST,NE,,ATLANTA,GA,30308,659 PEACHTREE ST ATLANTA GA 30308,"659 Peachtree St NE, Atlanta, Georgia, 30308",-84.38401746,33.77273304,FALSE,2,E
GBL-1021-07312,THE GEORGIAN TERRACE HOTEL,,Accommodation and Food Services,2025-02-25 23:12:57,721110,Hotels (except Casino Hotels) and Motels ,,659,PEACHTREE,ST,NE,,ATLANTA,GA,30308,659 PEACHTREE ST ATLANTA GA 30308,"659 Peachtree St NE, Atlanta, Georgia, 30308",-84.38401746,33.77273304,FALSE,2,E
GBL-1021-07314,CHESHIRE MOTOR INN,,Accommodation and Food Services,2025-02-11 22:06:08,721110,Hotels (except Casino Hotels) and Motels ,,1865,CHESHIRE BRIDGE,RD,NE,,ATLANTA,GA,30324,1865 CHESHIRE BRIDGE RD ATLANTA GA 30324,"1865 Cheshire Bridge Rd NE, Atlanta, Georgia, 30324",-84.3611103,33.80897919,FALSE,6,F
GBL-1021-07315,HAMPTON INN STADIUM,Country Inn & Suites,Accommodation and Food Services,2025-02-16 18:37:48,721110,Hotels (except Casino Hotels) and Motels ,,759,WASHINGTON,ST,SW,,ATLANTA,GA,30315,759 WASHINGTON ST ATLANTA GA 30315,"759 Washington St SW, Atlanta, Georgia, 30315",-84.39096582,33.73373845,FALSE,1,V
GBL-1021-07335,"VAD Property Management, LLC",AMERICAS BEST VALUE INN,Accommodation and Food Services,2025-02-10 15:04:26,721110,Hotels (except Casino Hotels) and Motels ,,1641,PEACHTREE,ST,NE,,ATLANTA,GA,30309,1641 PEACHTREE ST ATLANTA GA 30309,"1641 Peachtree St NE, Atlanta, Georgia, 30309",-84.39070161,33.79896676,FALSE,6,E
GBL-1021-07335,"VAD Property Management, LLC",AMERICAS BEST VALUE INN,Accommodation and Food Services,2025-02-10 15:04:26,721110,Hotels (except Casino Hotels) and Motels ,,1641,PEACHTREE,ST,NE,,ATLANTA,GA,30309,1641 PEACHTREE ST ATLANTA GA 30309,"1641 Peachtree St NE, Atlanta, Georgia, 30309",-84.39070161,33.79896676,FALSE,6,E
GBL-1021-07362,"THE RITZ CARLTON HOTEL COMPANY, LLC",THE RITZ CARLTON ATLANTA,Accommodation and Food Services,2025-01-04 17:05:21,721110,Hotels (except Casino Hotels) and Motels ,,181,PEACHTREE,ST,NW,,ATLANTA,GA,30303,181 PEACHTREE ST ATLANTA GA 30303,"181 Peachtree St, Atlanta, Georgia, 30303",-84.38718213,33.75864214,FALSE,2,M
GBL-1021-07362,"THE RITZ CARLTON HOTEL COMPANY, LLC",THE RITZ CARLTON ATLANTA,Accommodation and Food Services,2025-01-04 17:05:21,721110,Hotels (except Casino Hotels) and Motels ,,181,PEACHTREE,ST,NW,,ATLANTA,GA,30303,181 PEACHTREE ST ATLANTA GA 30303,"181 Peachtree St, Atlanta, Georgia, 30303",-84.38718213,33.75864214,FALSE,2,M
GBL-1021-07374,HYATT PLACE,,Accommodation and Food Services,2025-01-03 09:04:22,721110,Hotels (except Casino Hotels) and Motels ,,3242,PEACHTREE,RD,NE,,ATLANTA,GA,30304,3242 PEACHTREE RD ATLANTA GA 30304,"3242 Peachtree Rd NE, Atlanta, Georgia, 30305",-84.37308561,33.84437207,FALSE,7,B
GBL-1021-07374,HYATT PLACE,,Accommodation and Food Services,2025-01-03 09:04:22,721110,Hotels (except Casino Hotels) and Motels ,,3242,PEACHTREE,RD,NE,,ATLANTA,GA,30304,3242 PEACHTREE RD ATLANTA GA 30304,"3242 Peachtree Rd NE, Atlanta, Georgia, 30305",-84.37308561,33.84437207,FALSE,7,B
GBL-1021-07374,HYATT PLACE,,Accommodation and Food Services,2025-01-03 09:04:22,721110,Hotels (except Casino Hotels) and Motels ,,3242,PEACHTREE,RD,NE,,ATLANTA,GA,30304,3242 PEACHTREE RD ATLANTA GA 30304,"3242 Peachtree Rd NE, Atlanta, Georgia, 30305",-84.37308561,33.84437207,FALSE,7,B
GBL-1021-07378,HAMPTON INN GEORGIA TECH,,Accommodation and Food Services,2025-01-30 17:03:50,721110,Hotels (except Casino Hotels) and Motels ,,244,NORTH,AVE,NW,,ATLANTA,GA,30313,244 NORTH AVE ATLANTA GA 30313,"244 North Ave NW, Atlanta, Georgia, 30313",-84.39577098,33.7711411,FALSE,4,M
GBL-1021-07464,Thompson Hotels LLC,Thompson Buckhead,Accommodation and Food Services,2025-02-07 16:07:41,721110,Hotels (except Casino Hotels) and Motels ,,415 East Paces Ferry,,RD,,,Atlanta,GA,30305,415 East Paces Ferry nan RD Atlanta GA 30305,"415 E Paces Ferry Rd NE, Atlanta, Georgia, 30305",-84.37429051,33.83820094,FALSE,7,B
GBL-1021-07464,Thompson Hotels LLC,Thompson Buckhead,Accommodation and Food Services,2025-02-07 16:07:41,721110,Hotels (except Casino Hotels) and Motels ,,415 East Paces Ferry,,RD,,,Atlanta,GA,30305,415 East Paces Ferry nan RD Atlanta GA 30305,"415 E Paces Ferry Rd NE, Atlanta, Georgia, 30305",-84.37429051,33.83820094,FALSE,7,B
GBL-1021-07607,"Apple Nine Hospitality Management,Inc /Hampton Inn & Suites Atlanta Downtown",Hampton Inn & Suites Atlanta Downtown,Accommodation and Food Services,2025-01-14 09:36:28,721110,Hotels (except Casino Hotels) and Motels ,,161,TED TURNER,DR,NW,,Atlanta,GA,,161 TED TURNER DR Atlanta GA nan,"161 Ted Turner Dr NW, Atlanta, Georgia, 30303",-84.3897366,33.75880013,FALSE,2,M
GBL-1021-07607,"Apple Nine Hospitality Management,Inc /Hampton Inn & Suites Atlanta Downtown",Hampton Inn & Suites Atlanta Downtown,Accommodation and Food Services,2025-01-14 09:36:28,721110,Hotels (except Casino Hotels) and Motels ,,161,TED TURNER,DR,NW,,Atlanta,GA,,161 TED TURNER DR Atlanta GA nan,"161 Ted Turner Dr NW, Atlanta, Georgia, 30303",-84.3897366,33.75880013,FALSE,2,M
GBL-1021-07624,HAMPTON INN & SUITES,,Accommodation and Food Services,2025-02-20 23:07:07,721110,Hotels (except Casino Hotels) and Motels ,,3312,PIEDMONT,RD,NE,,ATLANTA,GA,30305,3312 PIEDMONT RD ATLANTA GA 30305,"3312 Piedmont Rd NE, Atlanta, Georgia, 30305",-84.37266652,33.84465052,FALSE,7,B
GBL-1021-07672,"Bolton Hotel, LLC",REVERB by Hard Rock Downtown Atlanta,Accommodation and Food Services,2025-02-11 15:06:14,721110,Hotels (except Casino Hotels) and Motels ,NW,89 Centennial Olympic Park,,DR,,,Atlanta,GA,30313,89 Centennial Olympic Park nan DR Atlanta GA 30313,"89 Centennial Olympic Park Dr NW, Atlanta, Georgia, 30313",-84.3993949,33.7531043,FALSE,3,M
GBL-1021-07672,"Bolton Hotel, LLC",REVERB by Hard Rock Downtown Atlanta,Accommodation and Food Services,2025-02-11 15:06:14,721110,Hotels (except Casino Hotels) and Motels ,NW,89 Centennial Olympic Park,,DR,,,Atlanta,GA,30313,89 Centennial Olympic Park nan DR Atlanta GA 30313,"89 Centennial Olympic Park Dr NW, Atlanta, Georgia, 30313",-84.3993949,33.7531043,FALSE,3,M
GBL-1022-16572,Midtown ATL Enterprise LLC,Home2 Suites by Hilton Atlanta Midtown,Accommodation and Food Services,2025-01-29 09:35:29,721110,Hotels (except Casino Hotels) and Motels ,W,975,Peachree,ST,NW,,Atlanta,GA,30309,975 Peachree ST Atlanta GA 30309,"975 Peachtree St, Atlanta, Georgia, 30309",-84.38399158,33.78095793,FALSE,2,E
GBL-1022-16636,"Nobu Hospitality, LLC",Nobu Hotel Atlanta,Accommodation and Food Services,2025-03-07 23:03:22,721110,Hotels (except Casino Hotels) and Motels ,,"3520 Peachtree Road NE, Atlanta, GA 30326",,,,,Atlanta,GA,30326,"3520 Peachtree Road NE, Atlanta, GA 30326 nan nan Atlanta GA 30326","3520 Peachtree Rd NE, Atlanta, Georgia, 30326",-84.36321232,33.85390288,FALSE,7,B
GBL-1022-16636,"Nobu Hospitality, LLC",Nobu Hotel Atlanta,Accommodation and Food Services,2025-03-07 23:03:22,721110,Hotels (except Casino Hotels) and Motels ,,"3520 Peachtree Road NE, Atlanta, GA 30326",,,,,Atlanta,GA,30326,"3520 Peachtree Road NE, Atlanta, GA 30326 nan nan Atlanta GA 30326","3520 Peachtree Rd NE, Atlanta, Georgia, 30326",-84.36321232,33.85390288,FALSE,7,B
GBL-1022-16636,"Nobu Hospitality, LLC",Nobu Hotel Atlanta,Accommodation and Food Services,2025-03-07 23:03:22,721110,Hotels (except Casino Hotels) and Motels ,,"3520 Peachtree Road NE, Atlanta, GA 30326",,,,,Atlanta,GA,30326,"3520 Peachtree Road NE, Atlanta, GA 30326 nan nan Atlanta GA 30326","3520 Peachtree Rd NE, Atlanta, Georgia, 30326",-84.36321232,33.85390288,FALSE,7,B
GBL-1024-34050,"Placemakr Hospitality, LLC",Placemakr Hospitality,Accommodation and Food Services,2025-01-22 16:40:49,721110,Hotels (except Casino Hotels) and Motels ,,639,GLEN IRIS,Drive,NE,,Atlanta,GA,,639 GLEN IRIS Drive Atlanta GA nan,"639 Glen Iris Dr NE, Atlanta, Georgia, 30308",-84.36732968,33.77245442,FALSE,2,M
GBL-1024-34050,"Placemakr Hospitality, LLC",Placemakr Hospitality,Accommodation and Food Services,2025-01-22 16:40:49,721110,Hotels (except Casino Hotels) and Motels ,,639,GLEN IRIS,Drive,NE,,Atlanta,GA,,639 GLEN IRIS Drive Atlanta GA nan,"639 Glen Iris Dr NE, Atlanta, Georgia, 30308",-84.36732968,33.77245442,FALSE,2,M
GBL-1121-07806,"Sonder USA, Inc.",Sonder 126 Renaissance,Accommodation and Food Services,2025-02-14 15:11:07,721110,Hotels (except Casino Hotels) and Motels ,NE,126 Renaissance Parkway,,,,,Atlanta,GA,30308,126 Renaissance Parkway nan nan Atlanta GA 30308,"126 Renaissance Pkwy NE, Atlanta, Georgia, 30308",-84.38300819,33.76895657,FALSE,2,M
GBL-1121-07806,"Sonder USA, Inc.",Sonder 126 Renaissance,Accommodation and Food Services,2025-02-14 15:11:07,721110,Hotels (except Casino Hotels) and Motels ,NE,126 Renaissance Parkway,,,,,Atlanta,GA,30308,126 Renaissance Parkway nan nan Atlanta GA 30308,"126 Renaissance Pkwy NE, Atlanta, Georgia, 30308",-84.38300819,33.76895657,FALSE,2,M
GBL-1121-07806,"Sonder USA, Inc.",Sonder 126 Renaissance,Accommodation and Food Services,2025-02-14 15:11:07,721110,Hotels (except Casino Hotels) and Motels ,NE,126 Renaissance Parkway,,,,,Atlanta,GA,30308,126 Renaissance Parkway nan nan Atlanta GA 30308,"126 Renaissance Pkwy NE, Atlanta, Georgia, 30308",-84.38300819,33.76895657,FALSE,2,M
GBL-1121-08013,DELUXE INN,,Other Services except Public Administration,2025-02-01 15:36:45,721110,Hotels (except Casino Hotels) and Motels ,,3810,CAMPBELLTON,RD,SW,,ATLANTA,GA,30331,3810 CAMPBELLTON RD ATLANTA GA 30331,"3810 Campbellton Rd SW, Atlanta, Georgia, 30331",-84.51341829,33.69028,FALSE,11,P
GBL-1121-08054,"Aimbridge Hospitality, LLC",Hampton Inn & Suites Atlanta Midtown,Accommodation and Food Services,2025-01-23 15:04:40,721110,Hotels (except Casino Hotels) and Motels ,,1231 West Peachtree Street,,,,,Atlanta,GA,30309,1231 West Peachtree Street nan nan Atlanta GA 30309,"1231 W Peachtree St NW, Atlanta, Georgia, 30309",-84.3874843,33.78834282,FALSE,6,E
GBL-1121-08054,"Aimbridge Hospitality, LLC",Hampton Inn & Suites Atlanta Midtown,Accommodation and Food Services,2025-01-23 15:04:40,721110,Hotels (except Casino Hotels) and Motels ,,1231 West Peachtree Street,,,,,Atlanta,GA,30309,1231 West Peachtree Street nan nan Atlanta GA 30309,"1231 W Peachtree St NW, Atlanta, Georgia, 30309",-84.3874843,33.78834282,FALSE,6,E
GBL-1122-17287,SRMPV Midtown LLC,The Artmore Hotel,Accommodation and Food Services,2025-02-21 23:07:27,721110,Hotels (except Casino Hotels) and Motels ,,1302 West Peachtree Street NW,,,,,Atlanta,GA,30309,1302 West Peachtree Street NW nan nan Atlanta GA 30309,"1302 W Peachtree St NW, Atlanta, Georgia, 30309",-84.38828879,33.79026827,FALSE,2,E
GBL-1122-17287,SRMPV Midtown LLC,The Artmore Hotel,Accommodation and Food Services,2025-02-21 23:07:27,721110,Hotels (except Casino Hotels) and Motels ,,1302 West Peachtree Street NW,,,,,Atlanta,GA,30309,1302 West Peachtree Street NW nan nan Atlanta GA 30309,"1302 W Peachtree St NW, Atlanta, Georgia, 30309",-84.38828879,33.79026827,FALSE,2,E
GBL-1123-24466,"THE RITZ-CARLTON RESIDENCES MANAGEMENT COMPANY, LLC","THE RITZ-CARLTON  RESIDENCES, ATLANTA BUCKHEAD",Accommodation and Food Services,2025-02-19 23:06:18,721110,Hotels (except Casino Hotels) and Motels ,,3630,PEACHTREE,RD,NW,18&19THFLR,ATLANTA,GA,30342,3630 PEACHTREE RD ATLANTA GA 30342,"3630 Peachtree Rd NE, Atlanta, Georgia, 30326",-84.35851904,33.8552556,FALSE,7,B
GBL-1123-24466,"THE RITZ-CARLTON RESIDENCES MANAGEMENT COMPANY, LLC","THE RITZ-CARLTON  RESIDENCES, ATLANTA BUCKHEAD",Accommodation and Food Services,2025-02-19 23:06:18,721110,Hotels (except Casino Hotels) and Motels ,,3630,PEACHTREE,RD,NW,18&19THFLR,ATLANTA,GA,30342,3630 PEACHTREE RD ATLANTA GA 30342,"3630 Peachtree Rd NE, Atlanta, Georgia, 30326",-84.35851904,33.8552556,FALSE,7,B
GBL-1123-24466,"THE RITZ-CARLTON RESIDENCES MANAGEMENT COMPANY, LLC","THE RITZ-CARLTON  RESIDENCES, ATLANTA BUCKHEAD",Accommodation and Food Services,2025-02-19 23:06:18,721110,Hotels (except Casino Hotels) and Motels ,,3630,PEACHTREE,RD,NW,18&19THFLR,ATLANTA,GA,30342,3630 PEACHTREE RD ATLANTA GA 30342,"3630 Peachtree Rd NE, Atlanta, Georgia, 30326",-84.35851904,33.8552556,FALSE,7,B
GBL-1221-08286,"Aimbridge Hospitality LLC,",Hilton Garden Inn & Homewood Suites Atlanta Midtown,Retail Trade,2025-01-27 14:04:21,721110,Hotels (except Casino Hotels) and Motels ,,97,10TH,ST,NW,,Atlanta,GA,,97 10TH ST Atlanta GA nan,"97 10th St NW, Atlanta, Georgia, 30309",-84.39029249,33.78196432,FALSE,2,E
GBL-1221-08286,"Aimbridge Hospitality LLC,",Hilton Garden Inn & Homewood Suites Atlanta Midtown,Retail Trade,2025-01-27 14:04:21,721110,Hotels (except Casino Hotels) and Motels ,,97,10TH,ST,NW,,Atlanta,GA,,97 10TH ST Atlanta GA nan,"97 10th St NW, Atlanta, Georgia, 30309",-84.39029249,33.78196432,FALSE,2,E
GBL-1221-08332,Hyatt Corporation,Hyatt Centric Buckhead,Accommodation and Food Services,2025-02-13 13:08:47,721110,Hotels (except Casino Hotels) and Motels ,,3301 Lenox Parkway,,,,,Atlanta,GA,30326,3301 Lenox Parkway nan nan Atlanta GA 30326,"3301 Lenox Rd NE, Atlanta, Georgia, 30326",-84.36225686,33.84383697,FALSE,7,B
GBL-1221-08332,Hyatt Corporation,Hyatt Centric Buckhead,Accommodation and Food Services,2025-02-13 13:08:47,721110,Hotels (except Casino Hotels) and Motels ,,3301 Lenox Parkway,,,,,Atlanta,GA,30326,3301 Lenox Parkway nan nan Atlanta GA 30326,"3301 Lenox Rd NE, Atlanta, Georgia, 30326",-84.36225686,33.84383697,FALSE,7,B
GBL-1221-08332,Hyatt Corporation,Hyatt Centric Buckhead,Accommodation and Food Services,2025-02-13 13:08:47,721110,Hotels (except Casino Hotels) and Motels ,,3301 Lenox Parkway,,,,,Atlanta,GA,30326,3301 Lenox Parkway nan nan Atlanta GA 30326,"3301 Lenox Rd NE, Atlanta, Georgia, 30326",-84.36225686,33.84383697,FALSE,7,B
GBL-1221-08490,MARRIOTT INTERNATIONAL,J W MARRIOTT ATLANTA BUCKHEAD,Accommodation and Food Services,2025-02-12 09:07:32,721110,Hotels (except Casino Hotels) and Motels ,,3300,LENOX,RD,NE,,ATLANTA,GA,30326,3300 LENOX RD ATLANTA GA 30326,"3300 Lenox Rd NE, Atlanta, Georgia, 30326",-84.35853532,33.84540825,FALSE,7,B
GBL-1221-08490,MARRIOTT INTERNATIONAL,J W MARRIOTT ATLANTA BUCKHEAD,Accommodation and Food Services,2025-02-12 09:07:32,721110,Hotels (except Casino Hotels) and Motels ,,3300,LENOX,RD,NE,,ATLANTA,GA,30326,3300 LENOX RD ATLANTA GA 30326,"3300 Lenox Rd NE, Atlanta, Georgia, 30326",-84.35853532,33.84540825,FALSE,7,B
GBL-1221-08490,MARRIOTT INTERNATIONAL,J W MARRIOTT ATLANTA BUCKHEAD,Accommodation and Food Services,2025-02-12 09:07:32,721110,Hotels (except Casino Hotels) and Motels ,,3300,LENOX,RD,NE,,ATLANTA,GA,30326,3300 LENOX RD ATLANTA GA 30326,"3300 Lenox Rd NE, Atlanta, Georgia, 30326",-84.35853532,33.84540825,FALSE,7,B
GBL-1221-08525,Prisha Hotels LLC,Travel INN,Accommodation and Food Services,2025-02-11 17:26:55,721110,Hotels (except Casino Hotels) and Motels ,,2788,FORREST HILL,DR,SW,,Atlanta,GA,,2788 FORREST HILL DR Atlanta GA nan,"2788 Forrest Hills Dr SW, Atlanta, Georgia, 30315",-84.39902299,33.678545,TRUE,12,X
GBL-1221-08541,"Chase Point OpCo, LLC",Courtyard by Marriott/The Element Hotel,Accommodation and Food Services,2025-01-07 13:22:44,721110,Hotels (except Casino Hotels) and Motels ,,640 Peachtree,,ST,NE,,Atlanta,GA,30308,640 Peachtree nan ST Atlanta GA 30308,"640 Peachtree St NE, Atlanta, Georgia, 30308",-84.38533811,33.77199237,FALSE,2,E
GBL-1221-08541,"Chase Point OpCo, LLC",Courtyard by Marriott/The Element Hotel,Accommodation and Food Services,2025-01-07 13:22:44,721110,Hotels (except Casino Hotels) and Motels ,,640 Peachtree,,ST,NE,,Atlanta,GA,30308,640 Peachtree nan ST Atlanta GA 30308,"640 Peachtree St NE, Atlanta, Georgia, 30308",-84.38533811,33.77199237,FALSE,2,E
GBL-1221-08541,"Chase Point OpCo, LLC",Courtyard by Marriott/The Element Hotel,Accommodation and Food Services,2025-01-07 13:22:44,721110,Hotels (except Casino Hotels) and Motels ,,640 Peachtree,,ST,NE,,Atlanta,GA,30308,640 Peachtree nan ST Atlanta GA 30308,"640 Peachtree St NE, Atlanta, Georgia, 30308",-84.38533811,33.77199237,FALSE,2,E
GBL-1221-08542,Chase Point RE Holdings LLC,Courtyard by Marriott/The Element Hotel,Accommodation and Food Services,2025-01-07 13:21:26,721110,Hotels (except Casino Hotels) and Motels ,,640 Peachtree,,ST,,,Atlanta,GA,30308,640 Peachtree nan ST Atlanta GA 30308,"640 Peachtree St NE, Atlanta, Georgia, 30308",-84.38533811,33.77199237,FALSE,2,E
GBL-1221-08542,Chase Point RE Holdings LLC,Courtyard by Marriott/The Element Hotel,Accommodation and Food Services,2025-01-07 13:21:26,721110,Hotels (except Casino Hotels) and Motels ,,640 Peachtree,,ST,,,Atlanta,GA,30308,640 Peachtree nan ST Atlanta GA 30308,"640 Peachtree St NE, Atlanta, Georgia, 30308",-84.38533811,33.77199237,FALSE,2,E
GBL-1221-08556,"3092 Piedmont Road NE Buckhead Owner, LLC",Fairfield Inn & Suites Buckhead,Accommodation and Food Services,2025-02-12 15:08:05,721110,Hotels (except Casino Hotels) and Motels ,,3092,PIEDMONT,RD,NE,,Atlanta,GA,,3092 PIEDMONT RD Atlanta GA nan,"3092 Piedmont Rd NE, Atlanta, Georgia, 30305",-84.37009319,33.83984111,FALSE,7,B
GBL-1221-08556,"3092 Piedmont Road NE Buckhead Owner, LLC",Fairfield Inn & Suites Buckhead,Accommodation and Food Services,2025-02-12 15:08:05,721110,Hotels (except Casino Hotels) and Motels ,,3092,PIEDMONT,RD,NE,,Atlanta,GA,,3092 PIEDMONT RD Atlanta GA nan,"3092 Piedmont Rd NE, Atlanta, Georgia, 30305",-84.37009319,33.83984111,FALSE,7,B
GBL-1221-08714,HOTEL INDIGO ATLANTA DOWNTOWN,,Accommodation and Food Services,2025-02-25 23:07:12,721110,Hotels (except Casino Hotels) and Motels ,,230,PEACHTREE,ST,NE,,ATLANTA,GA,30303,230 PEACHTREE ST ATLANTA GA 30303,"230 Peachtree St NW, Atlanta, Georgia, 30303",-84.38833297,33.76013902,FALSE,2,M
GBL-1221-08845,COMFORT INN,,Accommodation and Food Services,2025-02-16 18:45:04,721110,Hotels (except Casino Hotels) and Motels ,,795,WASHINGTON,ST,SW,,ATLANTA,GA,30315,795 WASHINGTON ST ATLANTA GA 30315,"795 Washington St SW, Atlanta, Georgia, 30315",-84.39097629,33.73265654,FALSE,1,V
GBL-1221-08848,QUALITY HOTEL,Barclay Hotel,Accommodation and Food Services,2025-02-16 18:43:03,721110,Hotels (except Casino Hotels) and Motels ,,99,FAIRLIE,ST,NW,,ATLANTA,GA,30303,99 FAIRLIE ST ATLANTA GA 30303,"99 Fairlie St NW, Atlanta, Georgia, 30303",-84.38973555,33.75716566,FALSE,2,M
GBL-1221-08945,"APPLE NINE HOSPITALITY MANAGEMENT, INC",HOME 2 STES  HILTON DWNTWNATL,Accommodation and Food Services,2025-01-13 13:42:16,721110,Hotels (except Casino Hotels) and Motels ,,87,WALTON,ST,NW,,ATLANTA,GA,30303,87 WALTON ST ATLANTA GA 30303,"87 Walton St NW, Atlanta, Georgia, 30303",-84.390942,33.75704899,FALSE,2,M
GBL-1221-08950,THE CANDLER HOTEL,,Accommodation and Food Services,2025-01-15 20:08:51,721110,Hotels (except Casino Hotels) and Motels ,,127,PEACHTREE,ST,NW,,ATLANTA,GA,30303,127 PEACHTREE ST ATLANTA GA 30303,"127 Peachtree St NE, Atlanta, Georgia, 30303",-84.38799484,33.75675239,FALSE,2,M
GBL-1221-08950,THE CANDLER HOTEL,,Accommodation and Food Services,2025-01-15 20:08:51,721110,Hotels (except Casino Hotels) and Motels ,,127,PEACHTREE,ST,NW,,ATLANTA,GA,30303,127 PEACHTREE ST ATLANTA GA 30303,"127 Peachtree St NE, Atlanta, Georgia, 30303",-84.38799484,33.75675239,FALSE,2,M
GBL-1221-08950,THE CANDLER HOTEL,,Accommodation and Food Services,2025-01-15 20:08:51,721110,Hotels (except Casino Hotels) and Motels ,,127,PEACHTREE,ST,NW,,ATLANTA,GA,30303,127 PEACHTREE ST ATLANTA GA 30303,"127 Peachtree St NE, Atlanta, Georgia, 30303",-84.38799484,33.75675239,FALSE,2,M
GBL-1221-08951,BUCKHEAD HOSPITALITY LLC,HOMEWOOD SUITES,Accommodation and Food Services,2025-01-21 15:35:28,721110,Hotels (except Casino Hotels) and Motels ,,540,PHARR,RD,NE,,ATLANTA,GA,30305,540 PHARR RD ATLANTA GA 30305,"540 Pharr Rd NE, Atlanta, Georgia, 30305",-84.370909,33.83712998,FALSE,7,B
GBL-1221-08951,BUCKHEAD HOSPITALITY LLC,HOMEWOOD SUITES,Accommodation and Food Services,2025-01-21 15:35:28,721110,Hotels (except Casino Hotels) and Motels ,,540,PHARR,RD,NE,,ATLANTA,GA,30305,540 PHARR RD ATLANTA GA 30305,"540 Pharr Rd NE, Atlanta, Georgia, 30305",-84.370909,33.83712998,FALSE,7,B
GBL-1222-17595,NOBLE-INTERSTATE MGMT GRP LLC,RESIDENCE INN ATL MIDTOWN/17TH STREET,Accommodation and Food Services,2025-01-27 14:05:49,721110,Hotels (except Casino Hotels) and Motels ,,1365,PEACHTREE,ST,NE,,ATLANTA,GA,30309,1365 PEACHTREE ST ATLANTA GA 30309,"1365 Peachtree St NE, Atlanta, Georgia, 30309",-84.38525588,33.7921089,FALSE,6,E
GBL-1222-17595,NOBLE-INTERSTATE MGMT GRP LLC,RESIDENCE INN ATL MIDTOWN/17TH STREET,Accommodation and Food Services,2025-01-27 14:05:49,721110,Hotels (except Casino Hotels) and Motels ,,1365,PEACHTREE,ST,NE,,ATLANTA,GA,30309,1365 PEACHTREE ST ATLANTA GA 30309,"1365 Peachtree St NE, Atlanta, Georgia, 30309",-84.38525588,33.7921089,FALSE,6,E
GBL-1222-17595,NOBLE-INTERSTATE MGMT GRP LLC,RESIDENCE INN ATL MIDTOWN/17TH STREET,Accommodation and Food Services,2025-01-27 14:05:49,721110,Hotels (except Casino Hotels) and Motels ,,1365,PEACHTREE,ST,NE,,ATLANTA,GA,30309,1365 PEACHTREE ST ATLANTA GA 30309,"1365 Peachtree St NE, Atlanta, Georgia, 30309",-84.38525588,33.7921089,FALSE,6,E
GBL-1222-17595,NOBLE-INTERSTATE MGMT GRP LLC,RESIDENCE INN ATL MIDTOWN/17TH STREET,Accommodation and Food Services,2025-01-27 14:05:49,721110,Hotels (except Casino Hotels) and Motels ,,1365,PEACHTREE,ST,NE,,ATLANTA,GA,30309,1365 PEACHTREE ST ATLANTA GA 30309,"1365 Peachtree St NE, Atlanta, Georgia, 30309",-84.38525588,33.7921089,FALSE,6,E
GBL-1223-25233,Merritt Hospitality LLC,Crowne Plaza Atlanta - Midtown,Other Services except Public Administration,2025-01-07 15:19:04,721110,Hotels (except Casino Hotels) and Motels ,,590 W Peachtree Street NW,,ST,,,Atlanta,GA,30308,590 W Peachtree Street NW nan ST Atlanta GA 30308,"590 W Peachtree St NW, Atlanta, Georgia, 30308",-84.38817983,33.77021444,FALSE,2,M
GBL-1223-25233,Merritt Hospitality LLC,Crowne Plaza Atlanta - Midtown,Other Services except Public Administration,2025-01-07 15:19:04,721110,Hotels (except Casino Hotels) and Motels ,,590 W Peachtree Street NW,,ST,,,Atlanta,GA,30308,590 W Peachtree Street NW nan ST Atlanta GA 30308,"590 W Peachtree St NW, Atlanta, Georgia, 30308",-84.38817983,33.77021444,FALSE,2,M
LGB-007431-2020,OMNI HOTELS MANAGEMENT CORP,OMNI ATLANTA AT CENTENNIAL PARK,Other Services except Public Administration,2025-01-24 11:04:38,721110,Hotels (except Casino Hotels) and Motels ,,250,MARIETTA,ST,NW,,ATLANTA,GA,30313,250 MARIETTA ST ATLANTA GA 30313,"250 Marietta St NW, Atlanta, Georgia, 30313",-84.39554685,33.76020519,FALSE,4,M
GBL-0123-18146,HAMPTON INN ATLANTA BUCKHEAD,,Accommodation and Food Services,2025-03-20 01:03:06,721110,Hotels (except Casino Hotels) and Motels ,,3398,PIEDMONT,RD,NE,,ATLANTA,GA,30305,3398 PIEDMONT RD ATLANTA GA 30305,"3398 Piedmont Rd NE, Atlanta, Georgia, 30305",-84.37389774,33.84715239,FALSE,District 7,B
GBL-0123-18146,HAMPTON INN ATLANTA BUCKHEAD,,Accommodation and Food Services,2025-03-20 01:03:06,721110,Hotels (except Casino Hotels) and Motels ,,3398,PIEDMONT,RD,NE,,ATLANTA,GA,30305,3398 PIEDMONT RD ATLANTA GA 30305,"3398 Piedmont Rd NE, Atlanta, Georgia, 30305",-84.37389774,33.84715239,FALSE,District 7,B
GBL-0125-35101,Blue Sky Hospitality Solutions LLC,"Twelve Downtown, Autograph Collection",Accommodation and Food Services,2025-05-08 06:51:00,721110,Hotels (except Casino Hotels) and Motels ,,400 W Peachtree St NW,,,,,Atlanta,GA,30308,400 W Peachtree St NW nan nan Atlanta GA 30308,"400 W Peachtree St NW, Atlanta, Georgia, 30308",-84.38838938,33.76567103,FALSE,District 2,M
GBL-0125-35102,Blue Sky Hospitality Solutions LLC,"Twelve Midtown, Autograph Collection",Accommodation and Food Services,2025-05-09 16:14:39,721110,Hotels (except Casino Hotels) and Motels ,,361 17th St NW,,,,,Atlanta,GA,30363,361 17th St NW nan nan Atlanta GA 30363,"361 17th St NW, Atlanta, Georgia, 30363",-84.39806821,33.79162245,FALSE,District 3,E
GBL-0223-18737,"MCR Fund II Property Management, LLC",Aloft Atlanta Downtown,Accommodation and Food Services,2025-04-11 21:02:17,721110,Hotels (except Casino Hotels) and Motels ,,300 Ted Turner Drive NW,,,,,Atlanta,GA,30308,300 Ted Turner Drive NW nan nan Atlanta GA 30308,"300 Ted Turner Dr NW, Atlanta, Georgia, 30308",-84.38969502,33.76263402,FALSE,District 2,M
GBL-0223-18737,"MCR Fund II Property Management, LLC",Aloft Atlanta Downtown,Accommodation and Food Services,2025-04-11 21:02:17,721110,Hotels (except Casino Hotels) and Motels ,,300 Ted Turner Drive NW,,,,,Atlanta,GA,30308,300 Ted Turner Drive NW nan nan Atlanta GA 30308,"300 Ted Turner Dr NW, Atlanta, Georgia, 30308",-84.38969502,33.76263402,FALSE,District 2,M
GBL-0224-27939,"FO Peachtree Property, LLC",Crowne Plaza Atlanta - Midtown,Accommodation and Food Services,2025-03-20 14:47:16,721110,Hotels (except Casino Hotels) and Motels ,,590 W Peachtree Street NW ST,,,,,Atlanta,GA,30308,590 W Peachtree Street NW ST nan nan Atlanta GA 30308,"590 W Peachtree St NW, Atlanta, Georgia, 30308",-84.38815066,33.77023414,FALSE,District 2,M
GBL-0224-27939,"FO Peachtree Property, LLC",Crowne Plaza Atlanta - Midtown,Accommodation and Food Services,2025-03-20 14:47:16,721110,Hotels (except Casino Hotels) and Motels ,,590 W Peachtree Street NW ST,,,,,Atlanta,GA,30308,590 W Peachtree Street NW ST nan nan Atlanta GA 30308,"590 W Peachtree St NW, Atlanta, Georgia, 30308",-84.38815066,33.77023414,FALSE,District 2,M
GBL-0224-28253,"Kelco/FB Winecoff, LLC",Ellis Hotel,Accommodation and Food Services,2025-04-08 13:27:17,721110,Hotels (except Casino Hotels) and Motels ,,176 Peachtree Street NW,,,,,Atlanta,GA,30303,176 Peachtree Street NW nan nan Atlanta GA 30303,"176 Peachtree St NW, Atlanta, Georgia, 30303",-84.38783684,33.75826176,FALSE,District 2,M
GBL-0325-38096,BHGA Associates LLC,Atlanta Wyndham Buckhead Hotel & Conference Center,Accommodation and Food Services,2025-04-15 08:17:00,721110,Hotels (except Casino Hotels) and Motels ,,3405,Lenox,RD,NE,,Atlanta,GA,30326,3405 Lenox RD Atlanta GA 30326,"3405 Lenox Rd NE, Atlanta, Georgia, 30326",-84.35951372,33.84835289,FALSE,District 7,B
GBL-0325-38350,Maa Godavari LLC,Scottish Inns,Accommodation and Food Services,2025-03-28 09:04:00,721110,Hotels (except Casino Hotels) and Motels ,,2840 Martin Luther King Jr Dr SW,,,,,Atlanta,GA,30311,2840 Martin Luther King Jr Dr SW nan nan Atlanta GA 30311,"2840 Martin Luther King Jr Dr SW, Atlanta, Georgia, 30311",-84.48056407,33.75389224,FALSE,District 10,I
GBL-0423-20658,"ACREFI ATL, LLC",COURTLAND GRAND HOTEL,Accommodation and Food Services,2025-04-07 21:02:36,721110,Hotels (except Casino Hotels) and Motels ,NE,165 Courtland Street,,,,,Atlanta,GA,30303,165 Courtland Street nan nan Atlanta GA 30303,"165 Courtland St NE, Atlanta, Georgia, 30303",-84.38320399,33.75902401,FALSE,District 5,M
GBL-0423-20658,"ACREFI ATL, LLC",COURTLAND GRAND HOTEL,Accommodation and Food Services,2025-04-07 21:02:36,721110,Hotels (except Casino Hotels) and Motels ,NE,165 Courtland Street,,,,,Atlanta,GA,30303,165 Courtland Street nan nan Atlanta GA 30303,"165 Courtland St NE, Atlanta, Georgia, 30303",-84.38320399,33.75902401,FALSE,District 5,M
GBL-0423-20658,"ACREFI ATL, LLC",COURTLAND GRAND HOTEL,Accommodation and Food Services,2025-04-07 21:02:36,721110,Hotels (except Casino Hotels) and Motels ,NE,165 Courtland Street,,,,,Atlanta,GA,30303,165 Courtland Street nan nan Atlanta GA 30303,"165 Courtland St NE, Atlanta, Georgia, 30303",-84.38320399,33.75902401,FALSE,District 5,M
GBL-0423-20658,"ACREFI ATL, LLC",COURTLAND GRAND HOTEL,Accommodation and Food Services,2025-04-07 21:02:36,721110,Hotels (except Casino Hotels) and Motels ,NE,165 Courtland Street,,,,,Atlanta,GA,30303,165 Courtland Street nan nan Atlanta GA 30303,"165 Courtland St NE, Atlanta, Georgia, 30303",-84.38320399,33.75902401,FALSE,District 5,M
GBL-0423-20658,"ACREFI ATL, LLC",COURTLAND GRAND HOTEL,Accommodation and Food Services,2025-04-07 21:02:36,721110,Hotels (except Casino Hotels) and Motels ,NE,165 Courtland Street,,,,,Atlanta,GA,30303,165 Courtland Street nan nan Atlanta GA 30303,"165 Courtland St NE, Atlanta, Georgia, 30303",-84.38320399,33.75902401,FALSE,District 5,M
GBL-0425-39040,CP Atlanta - 3332 Peachtree LLC,Courtyard by Marriott - Buckhead,Accommodation and Food Services,2025-04-24 09:34:00,721110,Hotels (except Casino Hotels) and Motels ,,3332 Peachtree Road NE,,,,,Atlanta,GA,30326,3332 Peachtree Road NE nan nan Atlanta GA 30326,"3332 Peachtree Rd NE, Atlanta, Georgia, 30326",-84.37011515,33.84690798,FALSE,District 7,B
GBL-0425-39060,Atlanta Hotel Owner LLC,,Accommodation and Food Services,2025-06-16 15:05:15,721110,Hotels (except Casino Hotels) and Motels ,,255,Courtland,ST,NE,,Atlanta,GA,30303,255 Courtland ST Atlanta GA 30303,"255 Courtland St NE, Atlanta, Georgia, 30303",-84.38249229,33.76154785,FALSE,District 5,M
GBL-0525-40056,"Merritt Hospitality, LLC",,Accommodation and Food Services,2025-07-09 09:32:17,721110,Hotels (except Casino Hotels) and Motels ,,101 Merritt 7,,,,STE 1,Norwalk,CT,6851,101 Merritt 7 nan nan Norwalk CT 6851,"101 Merritt 7, Norwalk, Connecticut, 06851",-73.425518,41.15132399,FALSE,,
GBL-0621-03690,HILTON ATLANTA DOWNTOWN,,Accommodation and Food Services,2025-04-24 21:02:16,721110,Hotels (except Casino Hotels) and Motels ,,255,COURTLAND,ST,NE,,ATLANTA,GA,30303,255 COURTLAND ST ATLANTA GA 30303,"255 Courtland St NE, Atlanta, Georgia, 30303",-84.38249229,33.76154785,FALSE,District 5,M
GBL-0621-03690,HILTON ATLANTA DOWNTOWN,,Accommodation and Food Services,2025-04-24 21:02:16,721110,Hotels (except Casino Hotels) and Motels ,,255,COURTLAND,ST,NE,,ATLANTA,GA,30303,255 COURTLAND ST ATLANTA GA 30303,"255 Courtland St NE, Atlanta, Georgia, 30303",-84.38249229,33.76154785,FALSE,District 5,M
GBL-0621-03690,HILTON ATLANTA DOWNTOWN,,Accommodation and Food Services,2025-04-24 21:02:16,721110,Hotels (except Casino Hotels) and Motels ,,255,COURTLAND,ST,NE,,ATLANTA,GA,30303,255 COURTLAND ST ATLANTA GA 30303,"255 Courtland St NE, Atlanta, Georgia, 30303",-84.38249229,33.76154785,FALSE,District 5,M
GBL-0624-31195,CP Atlanta-Peachtree LLC,Renaissance Atlanta Midtown Hotel,Accommodation and Food Services,2025-04-23 21:02:19,721110,Hotels (except Casino Hotels) and Motels ,,866 W Peachtree Street NW,,,,,Atlanta,GA,30308,866 W Peachtree Street NW nan nan Atlanta GA 30308,"866 W Peachtree St NW, Atlanta, Georgia, 30308",-84.38774439,33.77835658,FALSE,District 2,E
GBL-0721-05102,"3491 Piedmont Atlanta Operating, LLC",Element by Westin Atlanta Buckhead,Accommodation and Food Services,2025-03-17 23:02:21,721110,Hotels (except Casino Hotels) and Motels ,,3491 Piedmont ,,RD,,,Atlanta,GA,30305,3491 Piedmont  nan RD Atlanta GA 30305,"3491 Piedmont Rd NE, Atlanta, Georgia, 30305",-84.37577025,33.84949564,FALSE,District 7,B
GBL-0721-05104,"239 Ivan Allen Atlanta Operating, LLC",Springhill Suites Centennial Park Atlanta,Accommodation and Food Services,2025-03-17 23:02:25,721110,Hotels (except Casino Hotels) and Motels ,,239 Ivan Allen Jr. Blvd.,,BLVD,,,Atlanta,GA,30313,239 Ivan Allen Jr. Blvd. nan BLVD Atlanta GA 30313,"239 Ivan Allen Jr Blvd NW, Atlanta, Georgia, 30313",-84.39494352,33.76493007,FALSE,District 4,M
GBL-0722-14734,"Peachtree Hospitality Management, LLC",Canopy by Hilton Midtown,Accommodation and Food Services,2025-03-25 01:03:51,721110,Hotels (except Casino Hotels) and Motels ,,1414,WEST PEACHTREE ,ST,,,Atlanta,GA,30309,1414 WEST PEACHTREE  ST Atlanta GA 30309,"1414 W Peachtree St NW, Atlanta, Georgia, 30309",-84.38821336,33.79311602,FALSE,District 3,E
GBL-0722-14734,"Peachtree Hospitality Management, LLC",Canopy by Hilton Midtown,Accommodation and Food Services,2025-03-25 01:03:51,721110,Hotels (except Casino Hotels) and Motels ,,1414,WEST PEACHTREE ,ST,,,Atlanta,GA,30309,1414 WEST PEACHTREE  ST Atlanta GA 30309,"1414 W Peachtree St NW, Atlanta, Georgia, 30309",-84.38821336,33.79311602,FALSE,District 3,E
GBL-0722-14734,"Peachtree Hospitality Management, LLC",Canopy by Hilton Midtown,Accommodation and Food Services,2025-03-25 01:03:51,721110,Hotels (except Casino Hotels) and Motels ,,1414,WEST PEACHTREE ,ST,,,Atlanta,GA,30309,1414 WEST PEACHTREE  ST Atlanta GA 30309,"1414 W Peachtree St NW, Atlanta, Georgia, 30309",-84.38821336,33.79311602,FALSE,District 3,E
GBL-0723-21747,505 Pharr LLC,The 505 Collection,Accommodation and Food Services,2025-07-15 11:45:25,721110,Hotels (except Casino Hotels) and Motels ,,505 Pharr Road,,RD,,,Atlanta,GA,30305,505 Pharr Road nan RD Atlanta GA 30305,"505 Pharr Rd NE, Atlanta, Georgia, 30305",-84.37171609,33.83652657,FALSE,District 7,B
GBL-0724-32166,"Sobu Flats, LLC",Kimpton Sylvan Hotel,Accommodation and Food Services,2025-06-30 10:16:38,721110,Hotels (except Casino Hotels) and Motels ,E,374,PACES FERRY,RD,NE,,Atlanta,GA,30305,374 PACES FERRY RD Atlanta GA 30305,"374 E Paces Ferry Rd NE, Atlanta, Georgia, 30305",-84.37499367,33.83945068,FALSE,District 7,B
GBL-0821-05754,Ellis Hotel Permit Holdco LLC,Ellis Hotel,Accommodation and Food Services,2025-04-03 21:02:21,721110,Hotels (except Casino Hotels) and Motels ,,176,PEACHTREE,ST,NW,,Atlanta,GA,,176 PEACHTREE ST Atlanta GA nan,"176 Peachtree St, Atlanta, Georgia, 30303",-84.38783684,33.75826176,FALSE,District 2,M
GBL-0821-05754,Ellis Hotel Permit Holdco LLC,Ellis Hotel,Accommodation and Food Services,2025-04-03 21:02:21,721110,Hotels (except Casino Hotels) and Motels ,,176,PEACHTREE,ST,NW,,Atlanta,GA,,176 PEACHTREE ST Atlanta GA nan,"176 Peachtree St, Atlanta, Georgia, 30303",-84.38783684,33.75826176,FALSE,District 2,M
GBL-0821-05819,COURTYARD MANAGEMENT LLC,COURTYARD BY MARRIOTT #31T,Accommodation and Food Services,2025-05-06 10:27:20,721110,Hotels (except Casino Hotels) and Motels ,,133,CARNEGIE,WAY,NW,,ATLANTA,GA,30303,133 CARNEGIE WAY ATLANTA GA 30303,"133 Carnegie Way NW, Atlanta, Georgia, 30303",-84.38808,33.75824462,FALSE,District 2,M
GBL-0821-05819,COURTYARD MANAGEMENT LLC,COURTYARD BY MARRIOTT #31T,Accommodation and Food Services,2025-05-06 10:27:20,721110,Hotels (except Casino Hotels) and Motels ,,133,CARNEGIE,WAY,NW,,ATLANTA,GA,30303,133 CARNEGIE WAY ATLANTA GA 30303,"133 Carnegie Way NW, Atlanta, Georgia, 30303",-84.38808,33.75824462,FALSE,District 2,M
GBL-0821-05819,COURTYARD MANAGEMENT LLC,COURTYARD BY MARRIOTT #31T,Accommodation and Food Services,2025-05-06 10:27:20,721110,Hotels (except Casino Hotels) and Motels ,,133,CARNEGIE,WAY,NW,,ATLANTA,GA,30303,133 CARNEGIE WAY ATLANTA GA 30303,"133 Carnegie Way NW, Atlanta, Georgia, 30303",-84.38808,33.75824462,FALSE,District 2,M
GBL-0821-05895,HOLIDAY INN EXP / TOWNPLACE BK,,Accommodation and Food Services,2025-03-31 18:35:43,721110,Hotels (except Casino Hotels) and Motels ,,800,SIDNEY MARCUS,BLVD,NE,,ATLANTA,GA,30324,800 SIDNEY MARCUS BLVD ATLANTA GA 30324,"800 Sidney Marcus Blvd NE, Atlanta, Georgia, 30324",-84.36180801,33.82628799,FALSE,District 7,B
GBL-0921-06485,TWELVE CENTENNIAL PARK HOTEL,,Accommodation and Food Services,2025-03-28 01:03:35,721110,Hotels (except Casino Hotels) and Motels ,,400,W PEACHTREE,ST,NW,,ATLANTA,GA,30308,400 W PEACHTREE ST ATLANTA GA 30308,"400 W Peachtree St NW, Atlanta, Georgia, 30308",-84.38838938,33.76567103,FALSE,District 2,M
GBL-0921-06485,TWELVE CENTENNIAL PARK HOTEL,,Accommodation and Food Services,2025-03-28 01:03:35,721110,Hotels (except Casino Hotels) and Motels ,,400,W PEACHTREE,ST,NW,,ATLANTA,GA,30308,400 W PEACHTREE ST ATLANTA GA 30308,"400 W Peachtree St NW, Atlanta, Georgia, 30308",-84.38838938,33.76567103,FALSE,District 2,M
GBL-0921-06768,TWELVE ATLANTIC STATION HOTEL,,Accommodation and Food Services,2025-03-28 03:08:02,721110,Hotels (except Casino Hotels) and Motels ,,361,17TH,ST,NW,,ATLANTA,GA,30363,361 17TH ST ATLANTA GA 30363,"361 17th St NW, Atlanta, Georgia, 30363",-84.39806821,33.79162245,FALSE,District 3,E
GBL-1021-07377,INTOWN SUITES,,Accommodation and Food Services,2025-03-11 23:02:24,721110,Hotels (except Casino Hotels) and Motels ,,1375,NORTHSIDE,DR,NW,,ATLANTA,GA,30318,1375 NORTHSIDE DR ATLANTA GA 30318,"1375 Northside Dr NW, Atlanta, Georgia, 30318",-84.406905,33.7921086,FALSE,District 8,E
GBL-1121-07816,FAIRFIELD INN & SUITES ATL,The Connally Hotel,Accommodation and Food Services,2025-06-13 12:47:01,721110,Hotels (except Casino Hotels) and Motels ,,54,PEACHTREE,ST,SW,,ATLANTA,GA,30303,54 PEACHTREE ST ATLANTA GA 30303,"54 Peachtree St SW, Atlanta, Georgia, 30303",-84.39118323,33.75285213,FALSE,District 4,M
GBL-1121-07816,FAIRFIELD INN & SUITES ATL,The Connally Hotel,Accommodation and Food Services,2025-06-13 12:47:01,721110,Hotels (except Casino Hotels) and Motels ,,54,PEACHTREE,ST,SW,,ATLANTA,GA,30303,54 PEACHTREE ST ATLANTA GA 30303,"54 Peachtree St SW, Atlanta, Georgia, 30303",-84.39118323,33.75285213,FALSE,District 4,M
GBL-1221-08452,NEW AMERICAN INN,,Accommodation and Food Services,2025-04-01 18:36:17,721110,Hotels (except Casino Hotels) and Motels ,,421,CLEVELAND,AVE,SW,,ATLANTA,GA,30315,421 CLEVELAND AVE ATLANTA GA 30315,"421 Cleveland Ave SW, Atlanta, Georgia, 30315",-84.40348015,33.68173553,TRUE,District 12,X
GBL-1221-08795,DOUBLETREE ATLANTA DOWNTOWN,,Accommodation and Food Services,2025-04-02 21:05:11,721110,Hotels (except Casino Hotels) and Motels ,,160,SPRING,ST,NW,,ATLANTA,GA,30303,160 SPRING ST ATLANTA GA 30303,"160 Spring St, Atlanta, Georgia, 30303",-84.39676256,33.75088602,FALSE,District 4,M
GBL-1221-08795,DOUBLETREE ATLANTA DOWNTOWN,,Accommodation and Food Services,2025-04-02 21:05:11,721110,Hotels (except Casino Hotels) and Motels ,,160,SPRING,ST,NW,,ATLANTA,GA,30303,160 SPRING ST ATLANTA GA 30303,"160 Spring St, Atlanta, Georgia, 30303",-84.39676256,33.75088602,FALSE,District 4,M
GBL-1221-08795,DOUBLETREE ATLANTA DOWNTOWN,,Accommodation and Food Services,2025-04-02 21:05:11,721110,Hotels (except Casino Hotels) and Motels ,,160,SPRING,ST,NW,,ATLANTA,GA,30303,160 SPRING ST ATLANTA GA 30303,"160 Spring St, Atlanta, Georgia, 30303",-84.39676256,33.75088602,FALSE,District 4,M
GBL-1221-08948,CLARION INN AND SUITES,,Accommodation and Food Services,2025-03-17 16:46:24,721110,Hotels (except Casino Hotels) and Motels ,,186,NORTHSIDE,DR,SW,,ATLANTA,GA,30313,186 NORTHSIDE DR ATLANTA GA 30313,"186 Northside Dr SW, Atlanta, Georgia, 30313",-84.40354897,33.74939698,FALSE,District 3,M
